date,AdrActCnt,BlkCnt,CapMrktCurUSD,FeeMeanNtv,FeeMeanUSD,FeeMedNtv,FeeMedUSD,FeeTotNtv,FeeTotUSD,IssTotNtv,IssTotUSD,NVTAdj,NVTAdj90,PriceBTC,PriceUSD,ROI1yr,ROI30d,SplyCur,TxCnt,TxTfr,TxTfrValAdjNtv,TxTfrValAdjUSD,TxTfrValMeanNtv,TxTfrValMeanUSD,TxTfrValMedNtv,TxTfrValMedUSD,TxTfrValNtv,TxTfrValUSD,VtyDayRet180d,VtyDayRet30d,VtyDayRet60d
2019-04-18,18,165864,4393534538.30302,0.000625,0.0137297954321969375,0.000625,0.0137297954321969,0.00625,0.137297954321969,0,0,1879610.92053945,,0.00416172453440933,21.9676726915151,,,200000000,10,10,106.405,2337.47021274066,10.639875,233.733291478634,1,21.9676726915151,106.39875,2337.33291478634,,,
2019-04-19,29,218479,4865168460.76078,0.000625,0.0152036514398774375,0.000625,0.0152036514398774,0.0175,0.425702240316568,0,0,20133748.49122722,,0.00459850030675502,24.3258423038039,,,200000000,28,28,9.93357,241.642457333797,0.354145357142857,8.61488411048145,0.1,2.43258423038039,9.91607,241.216755093481,,,
2019-04-20,9,219207,4986854146.27792,0.000625,0.0155839192071185,0.000625,0.0155839192071185,0.004375,0.10908743444983,0,0,95234.25979166,,0.00469220854178843,24.9342707313896,,,200000000,7,7,2100.084575,52364.0773518653,300.011457142857,7480.56689491869,0.01,0.249342707313896,2100.0802,52363.9682644308,,,
2019-04-21,12,219685,4839555146.92434,0.000625,0.0151236098341385625,0.000625,0.0151236098341386,0.0075,0.181483318009663,0,0,3072197092.50339363,,0.00456929606354111,24.1977757346217,,,200000000,12,12,0.06509999,1.57527495834612,0.00479999916666667,0.116149303361371,0.00375,0.0907416590048314,0.05759999,1.39379164033645,,,
2019-04-22,36,219413,4776442486.72908,0.000625,0.014926382771028375,0.000625,0.0149263827710284,0.036875,0.880656583490674,0,0,399.99278402,,0.00443593977173246,23.8822124336454,,,200000000,59,59,500009.02013182,11941321.637527,8474.7451929122,202395.665018144,0.0091,0.217328133146173,500009.96638182,11941344.2360705,,,
2019-04-23,289,221448,4559480128.34512,3.11139226100154,70.93165592761657352256985742,0.000625,0.0142483754010785,2050.4075,46743.961256299,0,0,538.82038492,,0.00411144546337383,22.7974006417256,,,200000000,692,635,371181.20545516,8461966.65143995,581.315656249386,13252.4859148249,1,22.7974006417256,369135.44171836,8415328.5559138,,,
2019-04-24,390,219518,4612294509.7463,0.000624999999999989,0.01441342034295693382380196395,0.000625,0.0144134203429572,0.658125,15.1773316211339,0,0,1016.9629082,,0.00424552534190532,23.0614725487315,,,200000000,1053,1034,196664.00651149,4535361.58748828,198.508810961896,4577.90549467909,8.914062,205.571396110691,205258.1105346,4733554.28149817,,,
2019-04-25,487,221595,4384902823.78848,0.461836107814429,10.12553226641485308261293989,0.0001,0.00219245141189424,4411.92033795,96729.2097410339,0,0,40.02877756,,0.0042757237841102,21.9245141189424,,,200000000,17740,1601,4996405.39121284,109543760.543606,3127.04064865043,68558.8468518432,14.99,328.648466642947,5006392.07848934,109762713.809801,,,
2019-04-26,460,219697,4476001556.75554,0.00185800359823399,0.04158213499076367065349074402,0.0001,0.00223800077837777,11.78345882,263.713900111424,0,0,179.57357833,,0.00434549364114553,22.3800077837777,,,200000000,10883,1982,1113749.59422517,24925724.5879386,674.572410778431,15096.935803943,32.819982195,734.511456987546,1337002.51816285,29922126.763415,,,
2019-04-27,715,219569,4382876227.44826,0.000416041635044654,0.00911729495932959461682787301,0.000625,0.0136964882107758,1.49109322,32.6763851342364,0,0,762.3706573,,0.00422909959936796,21.9143811372413,,,200000000,5034,2124,262339.58257053,5749009.59983538,144.161354093974,3159.20685887614,11.25614917,246.671543049022,306198.7160956,6710155.36825292,,,
2019-04-28,550,219380,4211419865.78223,0.00106717070504089,0.02386200611889008884598401473,0.000625,0.0139750405008868,3.13321319,70.0588499650601,0,0,789.47299637,,0.00434288203974284,22.3600648014188,,,188345602,4464,1480,238571.30372604,5334469.81107322,171.187734397777,3827.76883434236,11.69572,261.51705709925,253357.84690871,5665097.8748267,,,
2019-04-29,491,218889,4023384418.04889,0.63302114798162,13.52241515618012867145216623,0.0001,0.00213617115309594,2000.97984877,42744.3543086875,0,0,859.04290066,,0.00414887148158971,21.3617115309594,,,188345602,5246,1210,219250.51921666,4683566.34451936,184.286333469207,3936.67149466738,9.778774045,208.891350275723,222986.46349774,4763372.50854753,,,
2019-04-30,472,215271,4106539487.38657,1.08392506109796,23.6330501880615911177421703,0.0001,0.00218032141116126,3011.14381973,65652.6134224322,0,0,416.27593963,,0.00413988887616886,21.8032141116126,,,188345602,4382,1193,452453.73097828,9864945.57211741,391.340700254417,8532.48507823547,10.84721905,236.504239462713,466869.45540352,10179254.6983349,,,
2019-05-01,467,219291,4070088523.926,0.000633563093922663,0.01369109684736722572225749062,0.0001,0.00216096817802308,1.60544888,34.6932394112279,0,0,1983.87239732,,0.00406565737580363,21.6096817802308,,,188345602,3912,1158,94938.36511583,2051587.85888845,91.3547602970207,1974.14729912788,9.165,198.052733515815,105788.81242395,2286062.57239009,,,
2019-05-02,544,219969,4355303634.20154,0.278084148197212,6.430417744806995837090758799,0.0001,0.00231239996472099,1001.10293351,23149.503881306,0,0,292.26196084,,0.00428767753068381,23.1239996472099,,,188345602,6023,1239,644441.04001529,14902054.3819611,529.763343216094,12250.2473616337,6.75226859,156.139456493026,656376.78224474,15178056.4810641,,,
2019-05-03,621,219872,4392674265.92775,0.853973323508221,19.91672012582146095063820347,0.0001,0.00233224148548356,3011.10993869,70226.3551636468,0,0,974.68870614,,0.00412171101420168,23.3224148548356,,,188345602,5758,1304,193236.67219393,4506745.83407471,160.167789390345,3735.49963054356,6.60037574,153.936701206073,208858.79736501,4871091.51822881,,,
2019-05-04,506,219736,4264730098.38915,0.000318636507503401,0.007214921344408957836432259316,0.0001,0.0022643109544916,0.93424224,21.1541493818077,0,0,1245.51710506,,0.00392108002337814,22.643109544916,,,188345602,4890,1058,151218.79999525,3424063.85354319,157.318931373686,3562.1897965835,5.522917395,125.056023582507,166443.42939336,3768796.80478534,,,
2019-05-05,418,219256,4283716364.3162,0.0047923089546598,0.10899586756443214413353635,0.0001,0.00227439150095801,11.41527993,259.628156538485,0,0,1726.00692573,,0.00397041176797195,22.7439150095801,,,188345602,3901,930,109122.15889284,2481865.10752065,154.091370059591,3504.6410243451,5.2551889,119.523569700889,143304.97415542,3259316.15264095,,,
2019-05-06,415,222110,4139282216.8837,0.31794755863809,6.987551933239366369417142484,0.0001,0.00219770579877076,1001.53480971,22010.7885897044,0,0,537.52050504,,0.00386125461258669,21.9770579877076,,,188345602,5146,1157,350397.05506068,7700696.39779054,310.895191819533,6832.56165871736,6.18976,136.032714449993,359705.7369352,7905273.83913599,,,
2019-05-07,415,222460,3944465324.67704,0.0069371804407893,0.1452832846063545061788560866,0.0001,0.00209426993929863,21.08902854,441.661185203329,0,0,237.74196348,,0.00359485349555702,20.9426993929863,,,188345602,5023,1153,792226.99787669,16591371.8675395,708.113813885958,14829.8147402347,15.07111975,315.629930439949,816455.22741051,17098776.3954906,,,
2019-05-08,197,222574,3860150922.52965,0.000205285990795185,0.004207344893301230402245292504,0.0001,0.00204950414638811,0.80287351,16.4549258777018,0,0,1866.91698426,,0.0034551130193499,20.4950414638811,,,188345602,7615,421,100885.9009738,2067660.72357903,246.078650530333,5043.39214599507,40.393,827.856209850549,103599.11187327,2123268.09346393,,,
2019-05-09,137,223652,3513281741.0967,0.000184041309045218,0.003432992136849039924169940037,0.0001,0.00186533781717754,0.73248441,13.6633087046598,0,0,5734.66850385,,0.00303300035816916,18.6533781717754,,,188345602,7841,248,32843.32858536,612639.028522601,132.240005649032,2466.72283480911,5.13737707,95.8294372977175,32795.52140096,611747.26303266,,,
2019-05-10,113,224047,3669694979.27491,0.000172894288554379,0.003368644109105943641753526471,0.0001,0.00194838368419928,0.60876079,11.8609959081626,0,0,2820.40277507,,0.00306471863530099,19.4838368419928,,,188345602,6869,192,66779.68255624,1301124.43928585,347.728912385781,6775.09339416817,4.129766065,80.4636882060586,66763.95117807,1300817.93168029,,,
2019-05-11,121,230352,4060420984.08223,0.000238318749670265,0.00513775974477696427261770627,0.0001,0.00215583530539897,0.90346638,19.47724719245,0,0,11828.54086454,,0.00294308657869037,21.5583530539897,,,188345602,7391,224,15922.97851079,343273.192406702,84.0540187964732,1812.06621282106,0.8118666,17.5025067955422,18828.10021041,405902.831671917,,,
2019-05-12,92,230321,3917087197.02825,0.000209987984886643,0.004367191154955834875392576695,0.0001,0.00207973382730129,0.58355661,12.1364242196227,0,0,64873.82263817,,0.00299560234658095,20.7973382730129,,,188345602,5511,119,2903.26042679,60380.0891906034,23.3581181779832,485.786685168528,0.513,10.6690345340556,2779.61606318,57808.6155350549,,,
2019-05-13,119,230376,4414619589.46171,0.000178850579826847,0.004192066418891931784214455495,0.0001,0.00234389311063484,0.88835083,20.8219939026374,0,0,6592.8533617,,0.00300541279761166,23.4389311063484,,,188345602,9996,157,28568.14669868,669606.822306415,187.807983938662,4402.0183967605,0.5875,13.7703720249797,29485.85347837,691116.888291398,,,
2019-05-14,145,230519,4441394742.18366,0.0002937382411931,0.00692666813644689697194183209,0.0001,0.00235810907980939,1.14234802,26.9378123826428,0,0,17144.62474943,,0.00296410279953244,23.5810907980939,,,188345602,7609,211,10985.69404421,259054.648736595,50.82826574109,1198.58594955029,0.1475,3.47821089271885,10724.76407137,252901.635355111,,,
2019-05-15,529,226602,5083532808.4194,0.00522574736578679,0.1410452800617474118996008949,0.000625,0.0168690320959134,11.48619271,310.017525575738,0,0,1963.50795605,,0.00328542566053305,26.9904513534614,,,188345602,3147,1190,95923.01442924,2589005.45462978,102.736675248445,2772.90923550953,7.0065,189.108597408027,122256.64354565,3299761.99025634,,,
2019-05-16,990,227410,4954990185.05764,1.57862610328346,41.53044597051615491224988728,0.000625,0.0164424803806198,6014.56545351,158230.999147667,0,0,1.5758177,,0.00334618786747871,26.3079686089917,,,188345602,4159,3278,119522456.44390356,3144393032.19579,36486.7453848972,959892.152230148,17.815473425,468.688915619226,119603551.37169293,3146526475.01042,,,
2019-05-17,629,232314,4813021644.38437,0.374766061060612,9.576847796347269164554818843,0.000625,0.0159713765322762,1014.11696123,25914.9501369153,0,0,184.0238596,,0.00348771381063705,25.5542024516419,,,188345602,3030,2332,1023484.68512442,26154334.8498244,456.671486998623,11669.8756326552,21.309680905,544.551900026258,1064957.90768079,27214149.9753519,,,
2019-05-18,673,232526,5434353095.0522,0.0037935229971456,0.1094548703117043748081479782,0.000625,0.0180331828741487,11.96097801,345.111206092802,0,0,270.34674109,,0.00396443279783601,28.8530925986379,,31.343419959922546,188345602,3404,2925,696681.60687901,20101418.9150479,268.083624974222,7735.04165555975,45.54599788,1314.14289432901,784144.6030496,22624996.8425123,,,
2019-05-19,827,232589,5534522454.23394,0.000661371319570561,0.01943435036380410072821089193,0.000625,0.0183655816603364,4.00460334,117.674991452841,0,0,83.63410215,,0.00357492094559592,29.3849306565382,,20.79717647410382,188345602,6146,5859,2252019.17823228,66175427.3895497,413.790699132495,12159.2110003288,50.001,1469.27591775757,2424399.70621729,71240817.2509266,,0.0566328174009362,
2019-05-20,4567,232250,5529573083.27072,0.19628282961106,5.762599390696314641768813508,0.0001,0.00293586525225618,1014.38966343,29781.1136511198,0,0,201.27899066,,0.00367850392388319,29.3586525225618,,17.74417964268903,188345602,7999,6280,935743.97099274,27472182.094458,170.469898724599,5004.76652221179,0.68158,20.0102703863277,1070550.96399048,31429933.7594901,,0.0562351351400991,
2019-05-21,801,231989,6124298038.09385,0.000339786862842915,0.01104860424337877223898931884,0.0001,0.00325162784427207,2.72509064,88.6098060318919,0,0,263.53830454,,0.00407277786470458,32.5162784427207,,34.37713779699614,188345602,13383,2619,714680.17648646,23238739.6161265,299.901844383013,9751.69187744353,13.60060653,442.241108919365,785442.93043911,25539681.0270246,,0.058801933188609,
2019-05-22,761,231715,5903605620.04886,0.373847199811402,11.71806724664651970911606226,0.0001,0.00313445366250116,2002.32560219,62761.9681730429,0,0,310.63654504,,0.00408775909701929,31.3445366250116,,31.246368870135477,188345602,8353,2323,606321.45511072,19004865.0562483,281.419151661425,8820.95290623123,9.9843,312.953257025103,653736.68930949,20491073.6011751,,0.058489610573975,
2019-05-23,641,231736,5967934318.9897,0.255635971141053,8.100102519733651631794481873,0.0001,0.00316860826885127,1032.76932341,32724.4141797286,0,0,343.00394858,,0.00401218079942094,31.6860826885127,,38.98989269205689,188345602,6216,1803,549106.22102481,17399025.1241689,351.113457113217,11125.4100351389,10.70622536,339.238342038812,633057.56317513,20059114.2933555,,0.0584895235396631,
2019-05-24,796,233765,6420676235.45589,0.293055500633641,9.990222594037783257418946157,0.0001,0.00340898654774848,5204.37263575,177416.363047421,0,0,349.06168671,,0.00426811532451513,34.0898654774848,,47.821720427648565,188345602,34600,2196,539576.84033862,18394101.9019099,280.948584416749,9577.49944885674,9.52321475,324.645109740699,616963.09137918,21032188.7896894,,0.0583529899926092,
2019-05-25,779,235673,6639813358.10904,0.000160122245668492,0.005644845509692708633487040404,0.0001,0.00352533496275057,4.02931619,142.046892405839,0,0,257.0961202,,0.00437300109877265,35.2533496275057,,60.79421161286952,188345602,51040,1958,732588.2703207,25826190.4266253,425.322615635582,14994.0468734864,10.9975,387.698712528494,832781.68141447,29358343.7782864,,0.0584453309945389,
2019-05-26,776,235403,6367477451.35539,0.000147392785041641,0.00498296867715085274457399701,0.0001,0.00338074124574217,4.83610467,163.496185265953,0,0,307.58208674,,0.00387187949736996,33.8074124574217,,51.060771667502415,188345602,66509,2199,612342.55869422,20701717.4470085,304.000799759827,10277.4804248665,16.51383707,558.29010108015,668497.75867186,22600179.4542815,,0.0590382661115327,
2019-05-27,964,235097,6355415747.57697,0.190710797362673,6.435225414988417273527493869,0.0001,0.00337433721843793,5004.63274439,168873.185340083,0,0,125.54905955,,0.00382717347039744,33.7433721843793,,53.97821171885986,188345602,51629,3078,1500175.33123928,50620974.5438315,518.456354486764,17494.4657308034,22.1767105,748.316996226732,1595808.65911026,53847965.5194128,,0.0591108642657261,
2019-05-28,1448,233210,6238825713.97765,0.00112960474255447,0.037417423288067723639442525,0.0001,0.00331243503842349,25.18566734,834.258869630941,0,0,302.95576201,,0.0037990448767938,33.1243503842349,,48.14067257145462,188345602,41658,4313,621693.41408803,20593190.4798231,151.950857618818,5033.2734489507,14,463.740905379289,655364.04890996,21708508.3853244,,0.0583385618984472,
2019-05-29,1869,232954,6334314090.75741,0.149308410008442,5.021441198213156060029702331,0.0001,0.00336313352873374,3034.3948166,102050.749471233,0,0,385.89862346,,0.00388555022209234,33.6313352873374,,57.43745644442257,188345602,38508,3392,488070.15767228,16414451.1164201,183.958979746212,6186.78612696135,2.64127701,88.829672710046,623988.85929915,20985578.5426529,,0.0583295712482567,
2019-05-30,1895,232393,5976951482.09445,0.437120533442464,13.87156478553108018798796697,0.0001,0.00317339583118827,5034.75430419,159772.683199737,0,0,508.91219841,,0.00383648557116661,31.7339583118827,,45.54715717340449,188345602,19798,3458,370094.49289423,11744563.2089629,133.358187460014,4231.98316140434,2.49701988,79.2403247758623,461152.61223673,14634197.7721362,,0.0597447341477355,
2019-05-31,2968,232076,6176276897.34147,0.51849360661325,17.0025742567892486548326445,0.0005693,0.0186686304342615,5024.72154169,164771.947122577,0,0,505.78542741,,0.00383256227999231,32.792254407626,,51.74797454734089,188345602,14495,4718,372382.42106579,12211259.0885171,80.2810783540017,2632.59754550298,3.99645885,131.052895338808,378766.12767418,12420595.2196831,,0.0589541089881704,
2019-06-01,6596,235018,6216384876.07468,0.0467232004787975,1.542108728496893923259144822,0.000625,0.0206282520339746,3184.46645183,105103.962499338,0,0,118.48256921,,0.00385808843877025,33.0052032543594,,42.73137760725468,188345602,74376,34307,1589648.19266361,52466661.7017875,47.02140883,1551.951155740479827153502,9.23868,304.924511201985,1613163.47277057,53242788.3013009,,0.0589597563082534,
2019-06-02,9409,235226,6260453123.90631,0.0030778493764601,0.1023051854631185852036852823,0.0007202,0.0239388565061228,249.27194315,8285.59466546829,0,0,143.24662455,,0.00380121615346134,33.2391787088626,,42.52031325122789,188345602,83724,46828,1314834.48626095,43704018.4614033,29.08080316,966.622013232496218085816,8.1650125,271.398309647597,1361795.8505865,45264975.6426322,,0.0584281945864389,
2019-06-03,11138,235292,5811185556.54912,0.0137348225530915,0.4237720530490028180460900654,0.00076676,0.0236574923439922,1298.27036701,40056.6295424527,0,0,127.92479739,,0.00377490895967271,30.8538425895876,,36.261508289682475,188345602,96837,57705,1472315.03078015,45426576.2019746,26.83527656,827.971398830289822346656,6.704456,206.858230072816,1548529.6336417,47778089.5616928,,0.060647696266843,
2019-06-04,11969,235721,5474707741.4558957978786,0.0302620796525092,0.8796384942726035209591123236,0.0007961,0.02314051821062983273,3359.45398638,97650.428526063781001571534,0,0,122.02932438,,0.00379969796450594,29.0673510998993,,27.802759936693704,188345602,110932,68612,1543445.42145733,44863869.96903225982462224687,23.55819365,684.774286103968204899445,7.17,208.412907386277981,1616374.78299357,46983733.3262976392917795475,,0.0614933715244947,
2019-06-05,12420,236266,5832928023.4567771685456,0.00380828315206785,0.1179397940969965917100735655,0.00087953,0.027238412418416540584,473.34293782,14659.090827698948748208496,0,0,114.48612516,,0.00397116099101258,30.9692817964328,,40.91641298737442,188345602,126837,74315,1645139.10949745,50948776.67635904520001069636,23.65638566,732.621273789631929073648,8.2999,257.04194198221259672,1758024.30035159,54444749.96256500550384780815,,0.0612348696713256,
2019-06-06,11830,234251,5873711353.9974306814038,0.0682995478191092,2.129977154964267033469319403,0.0002,0.00623716326967638,4063.61819659,126727.250788798595642597721,0,0,299.47215494,,0.00401015374843399,31.1858163483819,,48.910203805083576,188345602,82554,31007,628925.25697566,19613547.56090182522172868455,20.78764815,648.279777520680759028485,0.5,15.59290817419095,644562.60619326,20101211.06177741221471968599,,0.0608788156665209,
2019-06-07,1252,232594,5947941035.9132281053466,0.00140563703997314,0.04438992014082623471409528156,0.0001,0.00315799305784333,37.76665599,1192.668374343772154260467,0,0,673.87414264,,0.00393571035067212,31.5799305784333,,54.0857120688795,188345602,43204,7238,279496.70433002,8826486.519642929523337757666,40.29212524,1272.422517936740166586492,0.0830206,2.62178478457987962598,291634.40249862,9209794.185189294527405012046,,0.0571916455246144,
2019-06-08,943,232714,6004113029.9954017338458,0.048233684976292,1.537601586528408807568764847,0.0001,0.00318781695258029,1007.4569781,32115.88433782489961021649,0,0,919.48745769,,0.00401498133820186,31.8781695258029,,70.89756735880717,188345602,32570,6427,204837.59775638,6529847.666536105397558097502,34.80171918,1109.415103809426289829622,0.0711542,2.26826565007288470718,223670.64919616,7130210.873021578623263596864,,0.0570012126901921,
2019-06-09,931,233787,5689268952.3543373027674,0.000259434687704845,0.007836624260134931029385424826,0.0001,0.00302065399560237,5.54100606,167.374620947959455203622,0,0,1430.74671019,,0.00395680898519023,30.2065399560237,,55.033837539229694,188345602,33485,5988,131641.47130891,3976433.362962337436677981167,24.66810236,745.138019576622530185932,0.0695574,2.10108838233712291038,147712.5969273,4461886.46109251106574597701,,0.0560852325905586,
2019-06-10,2401,235789,6038209226.1695697995602,0.121630330179686,3.899371018352905706245512969,0.0001,0.00320591994825001,5029.53578326,161242.890979904727116528326,0,0,675.78219103,,0.00401075767216233,32.0591994825001,,48.70894544779273,188345602,63544,12082,278707.55474223,8935141.094760968307651449223,23.44815158,751.728968999119902165158,1,32.0591994825001,283300.56736466,9082389.402649092590845186466,,0.0559950015881883,
2019-06-11,8991,236612,6036553923.8061232535456,0.0227890921218949,0.7303997651530183851882297627,0.000625,0.020031506774333,2166.9236135,69450.7920692598294596728,0,0,176.35566081,,0.00404550041974519,32.0504108389328,,54.10823451634741,188345602,109923,42751,1067987.27713047,34229431.00278474376014116242,26.37371123,845.288280268875708575344,4.607616,147.6759857880401922048,1127502.5288069,36136919.27019680932805327632,,0.0522959395867032,
2019-06-12,9315,236369,6578379941.9102294611802,0.0143640008021999,0.501693980424211166570187689,0.000625,0.0218294848408188125,1165.27956508,40699.924161967678177731308,0,0,146.22569644,,0.00428724945353594,34.9271757453101,,49.01351766783482,188345602,88566,38560,1288047.22138348,44987851.66951915144304361715,35.78582974,1249.897964520724842102374,5.01,174.985150484003601,1379901.59490278,48196065.51640310073365045208,,0.0541107804716815,
2019-06-13,11508,230845,6595577751.5619059831586,0.0137713272911352,0.4822510264449318856612292134,0.000625,0.0218865535003370625,1284.53432441,44982.446742750062857154313,0,0,59.50763802,,0.00425354459964933,35.0184856005393,,48.50239923324457,188345602,98700,46279,3165066.00277325,110835818.2428715352854956137,68.6997211,2405.76019410141591958923,5.85166274,204.916367399902345715682,3179354.39272744,111336176.0207372281888619084,,0.0488210163629811,
2019-06-14,11431,235056,6142350516.0609427696726,0.0457154146116173,1.490876864391064922411567676,0.000625,0.0203825787901226875,4256.88226239,138825.980981503831921067157,0,0,43.27233822,,0.00374938008862434,32.6121260641963,,20.828383479455784,188345602,100362,45813,4352563.54881853,141946351.1564955268437989974,94.89074928,3094.589077845404288003664,5.001,163.0932424470456963,4347229.89661902,141772409.4185825288488435936,,0.050672977094747,
2019-06-15,11145,228529,6197688867.774385395684,0.0273736829182315,0.900756737034450207956932023,0.000625,0.02056621180015125,2276.14910833,74898.82344102430695461586,0,0,47.42844152,,0.00371793949939928,32.905938880242,,25.07974055053115,188345602,86920,41416,3971153.08809557,130674520.8009571010660807279,95.70054323,3149.11622633233731386166,5.001,164.562600340090242,3963533.69825203,130423797.6244608371709033913,,0.0501849999009994,
2019-06-16,11769,228794,6089642339.9660721044518,0.0255609972195186,0.8264452648049382652096773797,0.000625,0.0202076736704411875,2259.84776418,73066.025861480914761694662,0,0,47.7236748,,0.00358470169174384,32.3322778727059,,26.52430821854313,188345602,92488,44557,3946586.31775323,127602125.4742166143672285651,88.43908808,2859.437170611272118035672,5.00075,161.685638571934029425,3940580.44777693,127407942.0172755411691786949,,0.0454517911172197,
2019-06-17,14593,235086,6376580232.9241008910636,0.0381604616224174,1.291950768570457819777023677,0.000625,0.021159839164057375,4332.853294,146691.9661159939258779892,0,0,34.77982825,,0.00362458979795318,33.8557426624918,,17.33834959546092,188345602,125098,59332,5415368.94977941,183341337.5861801850756909338,91.18751465,3087.22103002260101800487,5.0006,169.29902675805649508,5410337.6189325,183170998.1437773431893060035,,0.0460534772835411,0.0507817376008821
2019-06-18,11975,230929,6463093833.5087063035214,0.104495618262628,3.58577518588339950127260624,0.000625,0.0214469231192504375,9284.01770016,318581.782164946848290918112,0,0,45.64214833,,0.00379292290275605,34.3150769908007,,16.777804895603975,188345602,96923,43222,4126571.79603234,141603628.8889164696669396946,95.22132918,3267.527241978077286474426,5.00075,171.601121261746600525,4115656.2899731,141229062.4581000975203504612,,0.0460663953940755,0.0507299347733258
2019-06-19,10491,232874,6637906858.025312472031,0.0813415088314713,2.866737282851711414888420685,0.000625,0.0220270170485096875,6229.70213688,219554.80828190878534100964,0,0,42.94480222,,0.00379569369374635,35.2432272776155,,20.0437494552295,188345602,82541,41455,4385760.14462798,154568341.5622317251224289817,105.60124482,3721.72867199037652132671,5.001,176.2513796153551155,4377699.60419985,154284262.1039427313856934577,,0.0423891837324321,0.0505845057371871
2019-06-20,11673,234809,6914407255.3263917291822,0.112185119369372,4.118458806950231185612398029,0.000625,0.0229445470915694375,9209.27644903,338084.283462480325807479233,0,0,31.84436209,,0.00384543342628973,36.7112753465111,,12.901220879812964,188345602,95773,47862,5914566.65023196,217131284.8519572933441917148,123.35763848,4528.616232334653003107128,5.001,183.5930880079020111,5904143.29299547,216748630.1144134599377326047,,0.0422545352754178,0.0507132461361547
2019-06-21,18288,235882,7294592682.7152936124884,0.0239045297276887,0.9258183136941429681901900685,0.000625,0.024206142210302625,2146.9136239,83149.59438937530328709238,0,0,27.56426994,,0.00384091635885447,38.7298275364842,,23.561652864185127,188345602,103787,56579,6832961.74444972,264639429.9259318809001524744,120.738516,4676.1819016910381654472,5.0004,193.66462961343559368,6831264.49678533,264573695.8166033555841903368,,0.0431823154284881,0.0505560641047099
2019-06-22,8524,237093,7116374048.9548854433436,0.0313828436998982,1.185756673460115470823012883,0.000625,0.023614747216644875,2133.34294903,80605.367148408259095577154,0,0,93.31821045,,0.00353603664882303,37.7835955466318,,19.24350484741259,188345602,79078,37088,2018315.62243145,76259221.16339832372057389011,54.31469707,2052.204546330707275828826,4.999875,188.913254783715671025,2014423.48482385,76112162.21022093021228380843,,0.041619598323054,0.0507446742794168
2019-06-23,8660,237208,6993834544.4644996976668,0.0304797470052261,1.13180400948087272024162516,0.000625,0.023208116058320875,2128.12641565,79023.68774589377611411471,0,0,125.28059042,,0.00344001430532336,37.1329856933134,,8.926759238280008,188345602,77769,39298,1503390.12107957,55825363.85751637298853834724,38.11908507,1415.475440546506424770938,5,185.664928466567,1498003.80503055,55625353.86072844897041772437,,0.04138177436307,0.0502618563553827
2019-06-24,8874,236297,7039905612.492430350837,0.0652736870116432,2.439773430660415514333094919,0.000625,0.0233609968116365625,5198.20061255,194296.236697644441848762175,0,0,134.77016771,,0.00339666413092055,37.3775948986185,,6.025655132230043,188345602,90324,41603,1397531.85145577,52236379.40163005607478685374,33.34787865,1246.463498907988790645025,4.9,183.15021500323065,1387371.79535599,51856620.94058524137316669982,,0.0405248087925161,0.0502390334745497
2019-06-25,7742,237178,6763120769.6192003255058,0.10492018344726,3.767477787054569683477990854,0.000625,0.0224425228735205625,8356.78769138,300075.838260721192363734402,0,0,137.36697923,,0.00306218904126268,35.9080365976329,,6.213501677647782,188345602,92771,38723,1371112.64331043,49233962.97546810486375788115,35.07621739,1259.518097746647559816131,4.246011,152.4659183819518673619,1358256.3659425,48772319.29723115485167750825,,0.0413187732936319,0.0504944778041477
2019-06-26,9604,237072,6676029759.8916214437172,0.0132476137266398,0.4695701017037607936848059483,0.000625,0.022153522862361625,1102.32069058,39072.458592669255615505588,0,0,2.06404831,,0.00275552881513199,35.4456365797786,,5.044737040796792,188345602,106665,39003,91250578.55377954,3234434845.11180868218776641,2339.42581999,82922.437420716090357654214,2.33841702,82.886679862888866071772,91244625.25725182,3234223826.726635461231620047,,0.0412323711804097,0.0505453377044778
2019-06-27,8856,236295,6335587337.402758068429,0.0470465563846663,1.582556554196028911927379841,0.00034779,0.011698993216073636955,4138.2150996,139201.6745072425597995042,0,0,123.72242663,,0.00302778645727568,33.6380954486145,,1.5509589121606107,188345602,113045,40532,1522323.85936439,51208075.28500254744387613766,37.35768097,1256.641238207749519516065,2.29502,77.20010181647924979,1514181.52496504,50934182.66330267493022893708,,0.0423716876977282,0.0506742095149086
2019-06-28,7593,236222,6468272713.1670339874322,0.107693702291928,3.698478905362557661823295401,0.000625,0.0214641085472725625,9136.73370245,313778.950331056529311878445,0,0,118.06360654,,0.00277892828731828,34.3425736756361,,2.1148086515806375,188345602,106116,39239,1595289.24721353,54786338.50638070597197527643,40.28142717,1383.367880345494765572837,3.15362,108.303427194959517682,1580602.92076066,54281972.25814857460952135583,,0.0410192656964168,0.0506753910189163
2019-06-29,8497,237711,6663742920.9260625629814,0.0134768663789869,0.4768169363956818756385427478,0.000625,0.0221127506103316875,1100.14355625,38923.520151871457085301875,0,0,170.80379227,,0.00296210311931146,35.3804009765307,,11.490664444727027,188345602,97472,39605,1102701.52378485,39014022.0689393978526862199,27.67448778,979.134474476498923944846,3.8184775,135.09926506986050600925,1096048.08854647,38778620.86233413432994633163,,0.0409436319575248,0.0507069694712524
2019-06-30,8441,237209,6017594838.608444721849,0.0161123690135422,0.5147861568524768669561858439,0.000625,0.0199685935545778125,1104.16453613,35277.780542974269083284185,0,0,168.75689586,,0.00294668257109441,31.9497496873245,,-2.569218663129089,188345602,80887,35767,1116076.47820837,35658364.11066809854545880606,31.06642142,992.56438804993614929079,4.99925,159.724786124357006625,1111152.69487764,35501050.46573665414278647418,,0.045301390643412,0.05207638224376
2019-07-01,8181,237946,6242539931.456043373456,0.0815933725589048,2.704336501263952956549439174,0.00032738,0.01085070583575442064,6141.45155914,203552.70411376224386851792,0,0,141.64845249,,0.00313580665108124,33.144070608328,,0.42074382302207974,188345602,93605,32453,1329669.32353986,44070653.94513284788055595408,40.70703626,1349.19688405720815397328,2.04861,67.89927448892682408,1321065.44760928,43785486.47378441058285808384,,0.0458238634552635,0.0522337145708808
2019-07-02,4213,237697,5998439367.1484039876908,0.0294333133781411,0.9373935138292071858250919539,0.000122,0.0038854615930564988,2120.022696,67518.5800140663398876784,0,0,91.43188024,,0.00295818311165658,31.8480458447254,,-4.185220327860514,188345602,91109,28572,2059955.47176939,65605556.30300447221513667551,71.89852186,2289.827420365271337597244,2.0098621,64.01018030237606636734,2054284.56656276,65424949.0540026280077540661,,0.0442421504352135,0.0523719224495409
2019-07-03,16415,238113,6140162058.5836869128868,0.0402337418907671,1.31164037179130541382536754,0.00005,0.00163002533464617,4102.99676428,133759.773474953193773896152,0,0,173.14368556,,0.00272761368750316,32.6005066929234,,5.661090991386786,188345602,121021,45153,1087799.4273169,35462812.51080284004587922546,23.86800794,778.109152594718853011796,0.3437538,11.20654805761785185892,1077712.1626541,35133962.57164993894223199594,,0.0428347843379717,0.0524214210525914
2019-07-04,7241,237969,6221650004.5511847376208,0.0351660349378279,1.161645183681985181298165682,0.00005,0.00165165789338452,5185.93517228,171307.815237533451969702112,0,0,97.6036321,,0.00295545559575382,33.0331578676904,,13.643509359216555,188345602,168387,49240,1929698.700187,63744041.8003541374037381048,38.88529418,1284.504061379522721161872,1.7425,57.560277584450522,1914711.88527246,63248979.97734828057303492638,,0.041335698161654,0.0521542853621613
2019-07-05,7359,237921,6151843345.5585210029394,0.0267246292436292,0.8728939291873613507365539632,0.0000504,0.00164619137013960888,3226.94553191,105400.196161524045004582527,0,0,177.04172291,,0.0029697528601159,32.6625271853097,,5.467499698594678,188345602,138856,41601,1063848.673079043,34747986.20549989357533653462,25.19725888,823.006153163286243875136,2,65.3250543706194,1048231.16669471,34237878.97865486916301670169,,0.0413997951826768,0.0517010702191094
2019-07-06,7040,239350,6128149994.8692186016654,0.0624684078128257,2.032517717178530500889392168,0.00033022,0.010744278973425210994,6197.61567593,201650.147756844453824366111,0,0,137.17995885,,0.00290293317942724,32.5367299782727,,4.331820641792813,188345602,121083,42800,1372981.91064458,44672341.69169563555625201697,31.4405337,1022.97215536968309213999,1.5826995,51.49586626824721315365,1345654.84247317,43783208.25350461807523269346,,0.0413567538300475,0.0515800903517977
2019-07-07,6865,238847,6235278489.033717208815,0.0901914232225871,2.985833675665723304805439043,0.00023503,0.007780789610779414725,9211.97158511,304967.079965191954247612325,0,0,30.70132778,,0.00288975089200662,33.1055167884075,,4.8308725891122135,188345602,124062,41924,6134770.56571917,203094749.9564441587339565218,145.70677795,4823.698183608488736614625,1.7505,57.95120713810732875,6108610.95869878,202228722.6470524948907883928,,0.0414402168597219,0.049790426414428
2019-07-08,8986,234577,6310798661.9661641161702,0.0377128081876484,1.263623556495883144909898127,0.000457865,0.0153414457182872671115,4275.42563862,143254.475352914950045972962,0,0,129.31931337,,0.00271976529432679,33.5064827368051,,5.107925690915861,188345602,134788,46465,1456438.30832319,48800125.03505258932547884027,31.01516804,1039.209192511369269229004,1.6584984,55.57044800861887946184,1441119.78291999,48286855.12807695814152152395,,0.0400920449918445,0.0495898274931825
2019-07-09,6842,231174,6139600128.7402418845502,0.0926090470899657,3.018825560025896090633876468,0.0002,0.00651950463779902,9345.0863328,304626.66843660918037616928,0,0,196.68726364,,0.00259140188509846,32.5975231889951,,7.915448894353072,188345602,121260,37965,957589.213041779,31215036.57766095999116932628,24.81218546,808.815790901997052231246,1.1268531,36.73262005784101431981,941994.621139109,30706691.50649075944865501937,,0.0389966190341472,0.0482869282150683
2019-07-10,5503,233751,5874041829.466719877581104,0.12769685311183523,3.982554669209571538748664956,0.00028079,0.00875715805297094367208,10164.41411399,317003.3865595606962921016785,0,0,203.74996088,,0.0025760411455289303,31.187570971084952,,-2.7188093448525907,188345602,100358,32191,924395.77013168,28829658.68635250128492550648,28.22665644,880.32085099893211415789088,1.175649,36.665636624585052733848,908644.29755606,28338408.51750125425150024241,,0.03987459562663364,0.0484256998409023
2019-07-11,6775,228541,5511897980.668559863374532,0.03510372123079287,1.027303680634705093997358852,0.00037427,0.01095293988985642414982,3184.15324168,93183.63495928745319267478288,0,0,263.13999808,,0.0025910263630461393,29.264808533562466,,-8.691315438573287,188345602,109761,35897,715761.96463356,20946636.85060764267536705996,19.69075509,576.24617759012056322245194,1.224263,35.827822289724785312558,706839.03528833,20685509.03176098082414237582,,0.037856570033377744,0.04692470650065618
2019-07-12,17233,226802,5996774402.56735536199777,0.02199523777694484,0.7033315065043574607663686927,0.000355795,0.01137709152746775614555,2192.1333778,70096.831264204538455940162,0,0,112.85848925,,0.0027068195616866578,31.97653572272729,,-8.4479777125381,187536713,124190,48946,1661697.88598731,53135341.81165363770918753069,33.83147701,1081.8134331628920461346029,0.478511295,15.30113351829599646974055,1655915.47361073,52950440.29573038693229940782,,0.04173365030073747,0.04820775496365408
2019-07-13,6237,234777,5890828167.2805588895417,0.03241941125506209,1.018345570490894415576138101,0.00040230500000000005,0.01263704363762526614507998753,3200.50911792,100533.111409931727537166128,0,0,153.17512566,,0.002768313261250731,31.4115997505009,,-10.29994812220792,187536713,122061,35986,1224328.76871891,38458125.24602198745652380202,33.81998706,1062.339897095839666518354,1.30026405,40.843373908565289762645,1217046.05442031,38229363.53937711435958163328,,0.03975515746070286,0.045115915771768926
2019-07-14,7421,234936,5408445361.197006106516174,0.0017582786181516705,0.05070769175758287037300397672,0.00019796,0.00570904665318816443608,175.36367626,5057.38234513500588519083948,0,0,180.8383764,,0.0028045495032144947,28.839395095919198,,-11.568491305505695,187536713,126419,36655,1037040.45971926,29907619.54829741743752272435,28.14510138,811.68769871252065199829324,1,28.839395095919198,1031658.69114441,29752412.59805251629625150938,,0.04264488132835927,0.04641380785231385
2019-07-15,6978,233744,5307866240.397062014338666,0.0675461546174913,1.911764091561219786213081815,0.00018712,0.00529607197980002051184,7259.92824445,205478.3163253014043212727749,0,0,129.58599076,,0.0025903435008278837,28.303078130611482,,-13.98793320069725,187536713,132535,39830,1447198.9749421,40960185.65832710464986854519,36.04224665,1020.1065229377199495660353,1.071676965,30.33175687117158662391213,1435562.68400948,40630842.80691063484181588485,,0.04265838248080134,0.046315903650089606
2019-07-16,8742,233157,4702726532.20808390418011,0.04676170584609087,1.172610478534522470544417093,0.000333795,0.00837034294622833325865,5309.23055836,133135.8485120164809025734292,0,0,157.05918406,,0.0026476533845078286,25.07629816572547,,-22.441906925171363,187536713,140488,41967,1194051.2369357,29942384.84255292248385024228,28.24593626,708.3035196258365422785422,1.324392,33.21084868030148666424,1185397.20701605,29725373.80795266985232218379,,0.046670874401168704,0.046270114240443375
2019-07-17,8510,232609,5176979040.457943456838828,0.02640146767007997,0.7288164678738504880603499731,0.00026309,0.00726263883996985883004,3207.56711017,88545.37031483720847380843052,0,0,124.18313679,,0.002853280112849887,27.605149720513356,,-18.462430448773965,187536713,145253,50206,1510162.47338456,41688261.18008154490301000418,29.91342148,825.76447860822021999728688,1.020725,28.1772664484709953031,1501833.23884503,41458331.41356054813205212922,,0.05053753450932175,0.04794727960374435
2019-07-18,9820,232610,5470282794.188763505549686,0.06700992602921982,1.954621255399218557988044527,0.00027329,0.00797163158567169287238,10232.95178406,298486.3026692092513881272893,0,0,10.10730827,48.96868926421615,0.002731219918176505,29.169130175534022,,-14.99616864227412,187536713,182165,61672,18554565.46722765,541220535.4640315653692785941,300.57232682,8767.43332817573602861307004,1.0643748149999999,31.04688753429493927554291245,18536896.53953793,540705148.2121880250838748745,,0.051490803430735615,0.04850172903807835
2019-07-19,11017,230968,5455013756.602681178818274,0.04021791804211665,1.169847187103388632826666813,0.00013139,0.00382183438119674348822,6238.40235711,181460.8464277479476335161848,0,0,73.49738321,48.60913503920207,0.002761788013258318,29.087711250450898,,-17.465812590534917,187536713,173357,72645,2551610.74862487,74220516.67954706931212095663,34.93754432,1016.25320097999086885879936,0.537438,15.632841359019829719324,2538037.90724538,73825713.78865229255282612735,,0.050689656717466655,0.04657270451688111
2019-07-20,10798,234261,5854650590.50636525783113,0.027907603519825547,0.8712388353898692694501270491,0.00019997,0.0062428015285922061597,4255.2676619,132843.883903977112085559819,0,0,77.66765084,48.27344113059112,0.0028739483109292818,31.21869044652801,,-14.961574742744762,187536713,174874,70310,2414605.19242437,75380812.0528756069842210116,34.16487492,1066.5826542718284099265092,0.803520505,25.08485791303286209184505,2402132.35568934,74991426.42385462230717316841,,0.05152790795514079,0.047282138646116176
2019-07-21,9010,225495,5691103855.24629025492142,0.008639325555445006,0.2621742601157826178839863689,0.00025276,0.0076704096357498402184,1203.01744427,36507.5035468577085163808618,0,0,92.32277782,48.062941186435566,0.0028656707316266033,30.34661194710334,,-21.6453728885927,187536713,164152,64849,2031315.75364301,61643550.91784219220902193865,31.23995013,948.0266438419705395564342,0.87895472,26.6732978069148710207648,2025879.52580639,61478579.82122824397313816234,,0.05157534902166761,0.04740121216320506
2019-07-22,9633,231145,5745106783.669746527322015,0.039552133222583115,1.211662640614117016340004767,0.00017934,0.0054940039958113819677,6351.40020929,194572.421817979857884542835,0,0,66.72036128,47.73134855917894,0.0029688801960154844,30.634571182175655,,-18.92097419800335,187536713,194600,70901,2810786.83313295,86107249.31753344160582086833,38.88786196,1191.3129753362408841125838,1,30.634571182175655,2757188.30061637,84465281.25789411515039410847,,0.05163349657003195,0.04640508736543168
2019-07-23,8795,228994,5511337251.559965588672182,0.024910416097296672,0.7320684147262950300612360709,0.00017379,0.00510734823932104653906,4237.08740525,124519.7128664075556815710235,0,0,29.74761112,46.920925374637925,0.002978523366452367,29.388044417521414,,-20.85730821582341,187536713,207308,72257,6304261.28072749,185269910.5376799122843525735,87.08989764,2559.40178016171336776806296,1.1608152,34.1140886581340036966928,6292854.73406228,184934694.4376321900425971097,,0.0519659953096834,0.04644811030460384
2019-07-24,10120,226312,5436278339.263279520371996,0.03179258823507113,0.9215974622069533741116970517,0.00023959,0.00694518905908353603428,5275.53492138,152926.196488924823437780111,0,0,59.0099001,47.159312490257655,0.0029601181969608416,28.987808585848892,,-22.446030397423183,187536713,207410,67086,3178055.08393874,92124852.44850012852239782488,47.13712988,1366.40209824773835225809296,1.09087,31.62193075204498081604,3162241.49531453,91666451.168406171516680592,,0.05161879048451913,0.04618649080366326
2019-07-25,8978,233173,5428783442.944029095304559,0.013320008837877076,0.3855855329987318723712802749,0.00014916499999999999,0.004318005095176996334116563693,2332.99954795,67535.30610460717895006074685,0,0,74.71545508,46.97604633721969,0.0029248557450264564,28.947843630724343,,-19.383384964488375,187536713,228820,66045,2510012.3232918,72659444.24584214311752415229,36.94821242,1069.57107556894706362894006,0.763104,22.090215265980269040672,2440244.6894124,70639821.68981564594207504605,,0.051618888944380326,0.04618667676876583
2019-07-26,9356,233420,5424173313.983752924054459,0.01329011062796567,0.3843933396022742698142159512,0.00020065,0.00580345233762756641795,2332.2815141,67457.1871667540742943171663,0,0,96.58804601,46.75751146799476,0.0029403428521332558,28.923261089596643,,-18.401067436049125,187536713,240915,60940,1941614.11007089,56157811.84082518623607423602,30.46587674,881.17250727448942195578382,1.0336089,29.8953400792307876149227,1856590.52827624,53698652.58580584837778768066,,0.050883309212453015,0.046138946424543754
2019-07-27,7074,233322,5181495779.367543228757255,0.0015295563491675842,0.04226047071389518155341831657,0.00019428,0.0053678076357002497878,330.04919858,9119.0066311224626290364683,0,0,103.51636284,46.55463140376997,0.0029247584891876096,27.629234278877135,,-17.863262142520796,187536713,294081,77125,1811662.5029055,50054847.72703298778421501574,21.98672211,607.47629620175781007795485,0.53897694,14.8915201461723048582669,1695725.94253563,46851609.33908666720693112982,,0.05117041873876787,0.046422277790400604
2019-07-28,7052,225278,5189285979.190777628448648,0.007148550239215923,0.197805917222747039609930916,0.00023061,0.00638115716393720321256,1371.42791774,37948.47180135329093239841904,0,0,101.64344756,46.346796067703735,0.0029036083046376036,27.670773877703496,,-19.427198033983778,187536713,265829,66732,1845044.78638871,51053817.07839774346277398193,25.70155248,711.18184698000950432347008,0.682051185,18.87288411315471452544276,1715116.00023274,47458587.01647140515783271166,,0.05070213163486972,0.0458555606805701
2019-07-29,6382,230128,5058897847.776153631473314,0.017831247893746422,0.4810069460524075988587130718,0.00029878,0.00805974187549378228684,3427.96825133,92471.18034375659497324668074,0,0,97.88436542,46.161295241013796,0.00283828446934431,26.975506645336978,,-23.755791622511687,187536713,270177,64944,1915900.58524192,51682388.96899841823997205172,27.37008991,738.32204225067557010769198,0.6918181800000001,18.66214591195493630421070453,1777523.11925228,47949586.71562999275707999481,,0.04755451071290625,0.045713090289959755
2019-07-30,7062,232899,5026373060.64412547478632,0.015176017868342204,0.4067487702063389623419273543,0.00013536,0.0036279288817906754304,2408.54026783,64553.8770731110062879153112,0,0,100.22659529,45.93813762766808,0.0027950536902327456,26.80207507233064,,-16.111783864886135,187536713,224553,51838,1871127.24382425,50150092.85886066638599405002,33.63372886,901.4537258681336340302704,1.08054665,28.960892432455380744356,1743505.2364155,46729558.23540981175578442092,,0.04684587755763006,0.0456963667483289
2019-07-31,7537,228323,5194448494.321491200493971,0.007297396468138722,0.2021254904707120052115185027,0.000151755,0.004203355805088456984585,1306.65721679,36192.18607264981663360991093,0,0,122.21137705,45.82711812090603,0.002753582944133422,27.698301901673467,,-16.430597107424074,187536713,252127,62792,1534527.45178815,42503804.63603385459364656002,22.53239768,624.10915350920681594835656,0.9354278199999999,25.90976216558426281782174983,1414854.31522696,39189061.97004181710556391507,,0.04698830211444096,0.04592274129915674
2019-08-01,23964,228639,5400246256.46939788690608,0.0015093498149769786,0.04346274688109846003643243003,0.00039144,0.0112717790603079467904,263.8992497,7599.157052931325896520752,0,0,83.97452059,45.574681739512336,0.0027687331785548773,28.79567509786416,,-9.584169659083711,187536713,241550,80956,2233257.32234428,64308152.264151976904072193,25.76211887,741.8376048130753730326992,0.869159875,25.02804536860022607258,2085598.09508012,60056205.1306515401536160765,,0.04740649331338173,0.04525085510168021
2019-08-02,11267,232427,5230733519.63445906197029,0.018329758415195328,0.5112496652810802033842093053,0.0002966,0.008272703179582658878,3299.96139676,92041.8109894689282026955308,0,0,113.23205736,45.39022573887943,0.0026488692785047395,27.89178415233533,,-14.443709678936361,187536713,253220,66135,1656215.71633539,46194811.26973213713489802633,22.95769231,640.3309985462486740823123,1.05644864,29.4662374349082122024512,1518306.98118822,42348290.59628569060509128581,,0.04755222400186604,0.044774253860126734
2019-08-03,9264,232658,5205201132.674987650212552,0.015421661343164285,0.4280380508277800928310331922,0.00041619,0.01155161901236907735576,2261.43241936,62767.49977334096535209238144,0,0,165.57083284,45.2656282751969,0.002567488940808844,27.755638079648904,,-15.976431345679536,187536713,197247,51162,1132667.57061919,31437911.15466140408938108487,19.58624268,543.62866316625260294002272,1.0917,30.3008300915527084968,1002071.34774343,27813129.6579526445359070727,,0.04754087367710567,0.04396450445126802
2019-08-04,7993,233996,5151442469.577979130052042,0.00874648485188381,0.2402570291690817850328434515,0.00039618,0.01088266102647007453812,1129.04874359,31013.81886731257860063111606,0,0,201.54354145,45.19531458514073,0.0025002465765245037,27.468981337952634,,-15.90062464515273,187536713,174085,48068,930502.22125597,25559948.15060371268287584972,18.81300757,516.77415385109163174343938,1.108343,30.445053183050436225462,904303.64776666,24840300.02434487567201096438,,0.04754770550494285,0.04396248419937346
2019-08-05,8301,232264,5217832906.69130761138959,0.02509225455798371,0.698141656859061796677755203,0.00016454,0.0045779954907655214922,4136.18214909,115080.9725751723832191708987,0,0,104.05092935,45.07339841259409,0.002359875984971196,27.82299435253143,,-14.487428911537817,187536713,236449,55766,1802355.00228364,50146913.04979448834086487481,31.73984729,883.0975918998800131253247,1.0208,28.401712635064083744,1770004.32370094,49246820.30228746675483527054,,0.04747633082577489,0.04396392067112603
2019-08-06,10773,233289,5162280013.61276529408538,0.006791736954534846,0.1869545827973985334281138117,0.00015938,0.0043872166436531418388,1160.2799661,31938.760061307712340829186,0,0,186.68737505,44.96488790176704,0.002409662317358271,27.52677025758026,,-16.85141049597129,187536713,234388,61601,1004549.52001331,27652003.84976890785660359326,15.78417472,434.4873512229462282630272,0.83524959,22.9917235716681065570934,972320.9469567,26764855.32350996317955299474,,0.04735549296004888,0.04395079160431584
2019-08-07,16967,233171,5556347445.942887697923729,0.015196930585315504,0.45025544648363946777920824,0.00013538,0.00401104565180124563954,3136.2969434,92922.3682787864337686650922,0,0,58.80106105,44.58992602535561,0.00247575620932164,29.628051793479433,,-11.575165838177975,187536713,272086,85118,3189342.32904239,94493999.71200425497334505016,37.08052315,1098.62366041751313440537395,0.356955115,10.575884635167407256649795,3156219.96958607,93512648.7305101627400020683,,0.049448462305191405,0.04450996638879036
2019-08-08,8452,230314,5883694861.86672534431997,0.02177006578862292,0.6830045284147710023974170837,0.00012595,0.0039515002475921291055,4347.87399918,136408.2984061861892768651142,0,0,22.85796939,43.65148659744351,0.0026279901447160566,31.37356290267669,,-3.7547646771261967,187536713,269909,78289,8204434.51397837,257402342.3051920482536937632,104.52201085,3279.2278821167304862220865,0.61908,19.4227453217890852452,8182923.70780032,256727471.6744777102195600385,,0.05003546657946589,0.0444580256419036
2019-08-09,5940,231865,5580004925.332948558091189,0.0006805505345745934,0.02024923693135328798829535707,0.00013935,0.00414624781412878011555,130.37510756,3879.20706664840039652974868,0,0,127.51491089,43.48786673791269,0.0025091368235721175,29.754200316675853,,-4.5959675915063265,187536713,262438,69657,1470704.184305152,43759626.90638885571390322189,20.6832218,615.4127246314369063031954,0.5301681,15.7747278489114353008893,1440731.181259672,42867804.1696813083915042451,,0.04958769269465522,0.04498287207020279
2019-08-10,4824,233199,5544008112.061029079516775,0.0005661359587332473,0.01673625551785463485085682716,0.00014478,0.0042800232638405888565,108.07705293,3195.00138712343332591738275,0,0,187.77182767,43.376569068568784,0.002615265352806838,29.562254895984175,,1.016396065194077,187536713,251711,70507,998747.87033998,29525239.11981184175449394982,13.91372589,411.32111131303427272779075,0.479488,14.1747464755656601024,981015.071352,29001017.5961099267758878546,,0.04661247735435098,0.043477400139946464
2019-08-11,4761,233940,5659570443.706513946682161,0.0005444716772423587,0.01643132036742142259723331446,0.00013892,0.00419239259056283511524,85.20709513,2571.41948089832012602043761,0,0,207.95711623,43.27944206994361,0.002617342208128334,30.178466675517097,,-5.623088951228131,187536713,207966,55299,901804.73936721,27215084.27481672809803931619,15.95742595,481.57064725910675333646715,0.523653,15.803044610034554395341,882429.69768006,26630375.22492431727138176599,,0.046713918275899574,0.04357942499042282
2019-08-12,9627,232720,5655165703.39300528910052,0.012472235448316615,0.376100002093790588785411686,0.00015523,0.0046809574407849209292,2132.8021506,64314.604757927923145324424,0,0,147.81371309,43.1403088491504,0.0026487293708095366,30.15497932606404,,-4.000498014803662,187536713,233452,60394,1268736.90592939,38258735.16851521217724685814,20.30532875,612.30676866518377575315,0.5251871,15.837006142815527581884,1226320.02424783,36979654.97833166588471541103,,0.04382982458193675,0.042620007818517915
2019-08-13,5837,233119,5505060872.600877456051001,0.0006920894270227488,0.02031599234142327538306687612,0.00012289,0.00360738396131493373553,110.03806636,3230.12088633064001342056172,0,0,170.47296073,43.029867116913,0.002701244964932788,29.354576949425777,,1.786382314168157,187536713,217215,54651,1100096.5326101,32292868.31829966406595003055,19.47619086,571.71534328157300025579822,0.5912596,17.3561754252867051387092,1064393.30688023,31244815.23126947685084181369,,0.04399007430858101,0.042726307762121295
2019-08-14,5570,233450,5043686471.488325978428475,0.020844194622563816,0.5605920075334520330797861889,0.000089805,0.002415251159766296610375,3123.37749902,84001.3487767497350325769265,0,0,210.54844245,61.68643836007518,0.0026828987211578747,26.894395186975075,,-4.9771368935056985,187536713,219497,47692,890705.77213015,23954993.03098802405621770601,18.11802983,487.27345425742283631648725,0.5518046000000001,14.8404509783907091597845187,864085.07846773,23239045.57547949772623470183,,0.04100069772535209,0.04411579006143375
2019-08-15,5699,232734,5264920175.624728107453965,0.03530506568392803,0.9911571427673946981424566861,0.00009279,0.00260499363181340669595,6113.4604789,171629.7619988947038998055145,0,0,211.29696436,61.717099993544586,0.002722972208543587,28.074077290800805,,11.954631841045543,187536713,239776,61275,887550.43672442,24917159.56008537633790289916,14.03459673,394.00835334324023693436765,0.5589812,15.692881412904582939866,859969.91434952,24142861.84321177276166146736,,0.03772097497589608,0.044057784084628064
2019-08-16,6178,231679,5171579979.889098563859162,0.005567062418690644,0.1535193194480993015292351872,0.00008284,0.00228442569287226936216,1146.75362056,31623.29109369340266393700944,0,0,215.84047251,61.678266564372336,0.002658392424936421,27.576360367844874,,-0.1042897899846899,187536713,275235,77620,868867.22782728,23960195.78637544704365510536,10.91096614,300.88473423799336498656636,0.4266251,11.7647674995678561547374,846909.19160968,23354673.06666872004190459678,,0.03636348397122417,0.04404263617601331
2019-08-17,4655,232314,5141837780.930511866983596,0.015774086252382483,0.4324902114081355395637783165,0.00006253,0.00171443293048217661276,3121.70744343,85590.24532780614858469145556,0,0,254.79697916,62.02186085511001,0.0026861319193418392,27.417766359862092,,-6.004168808368884,187536713,245944,79801,736024.08325547,20180136.34993016104271560464,9.00968578,247.02545969181185305345176,0.2749115,7.537459276639227504858,718981.93519088,19712878.71602505648207849612,,0.03637018027457795,0.04385876990652879
2019-08-18,4619,231999,5236888543.370600804024792,0.0005344337869949574,0.01492385214357498309139828978,0.00005224,0.00145878134008715502016,104.59082985,2920.6575599044910965568124,0,0,247.23840938,62.06227672486683,0.0027029103360607836,27.924604519279384,,-3.998618939650963,187536713,248858,77211,758525.80296485,21181533.06546227388109268165,9.631287,268.949880486676780487208,0.2637364,7.3647346673384753303776,743641.30074215,20765889.22742704142494239484,,0.033841411389326885,0.043556998650791906
2019-08-19,5878,231002,5408390510.851089899457229,0.001060548777184084,0.03058527501661568943455849742,0.00009095,0.00262291638310791245635,240.95350053,6948.88272795313982516023449,0,0,167.68159283,61.970279904629066,0.00264952535968052,28.839102618008933,,-7.6223178950919905,187536713,276591,93832,1118409.6586624,32253930.91513729697164403122,11.73267594,338.35984541750441891417202,0.33329343499999997,9.61188357387368927508177646,1100900.44910401,31748981.02392266488901002612,,0.03414343367323368,0.04315297678307209
2019-08-20,5550,227084,5260943516.576875643307701,0.03020342608346286,0.84729286383622831757646298,0.000055,0.001542907992696492235,6169.26120154,173065.4984888805678225341826,0,0,258.08489011,61.942914268743706,0.0026043868430801324,28.052872594481677,,-7.5584693165083525,187536713,253431,81847,726647.39467329,20384546.78388184796193830631,8.60346735,241.35197344033289824274595,0.2400678,6.7345914074375083377006,704167.99208263,19753934.96700600163636460497,,0.034402434872192814,0.04317754560570355
2019-08-21,4265,231606,5035392264.583136723730008,0.000550381604044724,0.01477783857486966866588433206,0.00008241,0.00221272235119262380056,112.1319961,3010.7629420496799217711576,0,0,206.25281322,61.86114980747031,0.0026592670651417035,26.850168076600216,,-12.35337385031636,187536713,250304,79091,909256.50939946,24413690.10211832512868466628,11.30322645,303.4935299903731875669132,0.25660998,6.89002109313301989575568,893983.48351812,24003606.79016608098208043191,,0.034495957872035084,0.043444174011680256