date,AdrActCnt,CapMrktCurUSD,IssTotNtv,IssTotUSD,NVTAdj,NVTAdj90,PriceBTC,PriceUSD,ROI1yr,ROI30d,SplyCur,TxCnt,TxTfr,TxTfrValAdjNtv,TxTfrValAdjUSD,TxTfrValMeanNtv,TxTfrValMeanUSD,TxTfrValMedNtv,TxTfrValMedUSD,TxTfrValNtv,TxTfrValUSD,VtyDayRet180d,VtyDayRet30d,VtyDayRet60d
2017-07-13,3,,1407000000,,14070000000,,,,,,1407000000,1,1,0.1,,0.1,,0.1,,0.1,,,,
2017-07-14,2,,0,,1407000000,,,,,,1407000000,1,1,1,,1,,1,,1,,,,
2017-07-15,0,,0,,,,,,,,1407000000,0,0,0,,,,,,0,,,,
2017-07-16,0,,0,,,,,,,,1407000000,0,0,0,,,,,,0,,,,
2017-07-17,0,,0,,,,,,,,1407000000,0,0,0,,,,,,0,,,,
2017-07-18,0,,0,,,,,,,,1407000000,0,0,0,,,,,,0,,,,
2017-07-19,4,,0,,12.50666656,,,,,,1407000000,5,5,112500001,,22500000.2,,1,,112500001,,,,
2017-07-20,2,,0,,18.75123392,,,,,,1407000000,2,2,75035062,,37517531,,37517531,,75035062,,,,
2017-07-21,2,,0,,9380,,,,,,1407000000,1,1,150000,,150000,,150000,,150000,,,,
2017-07-22,0,,0,,,,,,,,1407000000,0,0,0,,,,,,0,,,,
2017-07-23,2,,0,,18.76,,,,,,1407000000,1,1,75000000,,75000000,,75000000,,75000000,,,,
2017-07-24,365,,0,,37.71511382,,,,,,1407000000,422,422,37305999.0408366,,88719.4827721248,,16825.913,,37439621.72983665,,,,
2017-07-25,848,,0,,19.19973003,,,,,,1407000000,1120,1120,73282280.4096731,,68025.0670118241,,18128,,76188075.05324304,,,,
2017-07-26,2963,,0,,1.7691272,,,,,,1407000000,5069,5069,795307428.307104,,162500.833428959,,21699,,823716724.65139335,,,,
2017-07-27,888,,0,,12.1147907,,,,,,1407000000,1288,1287,116139026.687512,,99048.9108062256,,20580.19,,127475948.20761239,,,,
2017-07-28,452,,0,,26.39617193,,,,,,1407000000,674,674,53303183.6429211,,83258.1607767152,,15899,,56116000.36350606,,,,
2017-07-29,191,,0,,56.72845763,,,,,,1407000000,261,261,24802366.549005,,100722.830536034,,18010.33641,,26288658.769905,,,,
2017-07-30,106,,0,,158.98733932,,,,,,1407000000,133,133,8849761.2832017,,67127.627317306,,11994.2,,8927974.4332017,,,,
2017-07-31,204,,0,,26.09815956,,,,,,1407000000,304,304,53911847.566176,,202136.500997125,,21797.9,,61449496.303126,,,,
2017-08-01,165,,0,,82.80979337,,,,,,1407000000,236,236,16990744.001412,,73003.3525569576,,21690,,17228791.203442,,,,
2017-08-02,301,,0,,41.7545564,,,,,,1407000000,458,458,33696921.279343,,77349.993360618,,18591.935,,35426296.95916304,,,,
2017-08-03,787,,0,,20.1418782,,,,,,1407000000,1243,1243,69854458.7556196,,63432.0161028959,,14910.075,,78845996.01589958,,,,
2017-08-04,964,,0,,16.08220649,,,,,,1407000000,1669,1669,87487994.9210026,,60760.1656215974,,14090,,101408716.42244613,,,,
2017-08-05,374,,0,,87.38556899,,,,,,1407000000,604,604,16101056.6883667,,34866.5740438281,,10237,,21059410.72247216,,,,
2017-08-06,582,,0,,83.07631641,,,,,,1407000000,885,885,16936234.7870573,,24704.5246254834,,9999,,21863504.29355279,,,,
2017-08-07,613,,0,,43.78984493,,,,,,1407000000,842,842,32130737.2109751,,42913.8313980628,,10890,,36133446.03716885,,,,
2017-08-08,421,,0,,25.97186921,,,,,,1407000000,652,652,54173998.3594938,,88556.4370953739,,9999,,57738796.98618378,,,,
2017-08-09,370,,0,,104.08101997,,,,,,1407000000,506,506,13518314.8708894,,31779.4428871687,,7988.5,,16080398.10090735,,,,
2017-08-10,322,,0,,65.15895188,,,,,,1407000000,472,472,21593349.1783865,,49480.3486458083,,9974.5,,23354724.5608215,,,,
2017-08-11,1054,,0,,13.26608472,,,,,,1407000000,1489,1489,106059928.703737,,72856.4492422329,,12924.051,,108483252.92168482,,,,
2017-08-12,433,,0,,93.49870022,,,,,,1407000000,566,566,15048337.5352128,,29756.6133603855,,9000.6011,,16842243.16197822,,,,
2017-08-13,2548,,0,,11.5893373,,,,,,1407000000,3682,3682,121404698.4726,,33378.1320762751,,6507.58053,,122898282.30484493,,,,
2017-08-14,2132,,0,,10.90029738,,,,,,1407000000,3384,3384,129079047.251386,,38634.5768130986,,6139.72376,,130739407.93552577,,,,
2017-08-15,1253,,0,,19.83382617,,,,,,1407000000,1635,1635,70939413.7113901,,44937.3271644039,,6000,,73472529.91380034,,,,
2017-08-16,933,,0,,40.99102226,,,,,,1407000000,1186,1186,34324589.1979693,,29939.4011320415,,5641.9115,,35508129.74260126,,,,
2017-08-17,1341,,0,,11.22392008,,,,,,1407000000,1588,1588,125357271.809037,,79523.4811526091,,9999,,126283288.0703433,,,,
2017-08-18,931,,0,,40.33243972,,,,,,1407000000,1349,1349,34885070.4223223,,26518.8806384534,,5500,,35773969.98127368,,,,
2017-08-19,612,,0,,91.40034442,,,,,,1407000000,836,836,15393815.0776303,,18989.8158770659,,5551.91555,,15875486.07322712,,,,
2017-08-20,418,,0,,165.05933711,,,,,,1407000000,507,507,8524207.26190815,,17927.3524457589,,3422.58041,,9089167.68999978,,,,
2017-08-21,553,,0,,35.4519721,,,,,,1407000000,677,677,39687495.9762457,,59176.842671596,,4955,,40062722.48867052,,,,
2017-08-22,455,,0,,124.91614184,,,,,,1407000000,568,568,11263556.3291837,,21686.1248893795,,5238,,12317718.93716753,,,,
2017-08-23,580,,0,,82.23770345,,,,,,1407000000,715,715,17108940.8017365,,24183.2862740867,,4985,,17291049.68597196,,,,
2017-08-24,429,,0,,108.70334652,,,,,,1407000000,589,589,12943483.7567227,,22539.0723895745,,4735,,13275513.63745938,,,,
2017-08-25,2904,,0,,9.62389258,,,,,,1407000000,3060,3060,146198639.255962,,47868.3855370008,,9789.24955,,146477259.7432224,,,,
2017-08-26,338,,0,,214.3981457,,,,,,1407000000,401,400,6562556.75818644,,16921.3045434851,,3595.353,,6768521.81739404,,,,
2017-08-27,377,,0,,138.47402542,,,,,,1407000000,446,446,10160750.3334997,,23868.9627216197,,5000,,10645557.3738424,,,,
2017-08-28,520,,0,,39.71085748,,,,,,1407000000,648,648,35431116.0585919,,55538.9635493436,,5812.7355,,35989248.37997463,,,,
2017-08-29,415,,0,,147.32272957,,,,,,1407000000,461,461,9550461.11429122,,21404.5600163396,,4537,,9867502.16753254,,,,
2017-08-30,1020,,0,,2.01043672,,,,,,1407000000,1148,1148,699847940.692584,,610270.561268792,,9990,,700590604.33657325,,,,
2017-08-31,441,,0,,67.36224785,,,,,,1407000000,520,520,20887070.2055687,,41128.65553956,,8095.3395,,21386900.88057122,,,,
2017-09-01,391,,0,,45.78280862,,,,,,1407000000,508,508,30732059.5323356,,61557.1567773535,,6593.37558742,,31271035.64289559,,,,
2017-09-02,465,,0,,41.582564,,,,,,1407000000,658,658,33836297.3448227,,53342.3526577123,,9353.4153125,,35099268.04877469,,,,
2017-09-03,567,,0,,47.45181764,,,,,,1407000000,754,754,29651129.7131103,,40217.8227144854,,7866.7,,30324238.32672201,,,,
2017-09-04,2222,,0,,16.15797329,,,,,,1407000000,2768,2768,87077752.5752041,,32153.7201285338,,7372.5373,,89001497.3157816,,,,
2017-09-05,2683,,0,,12.29596179,,,,,,1407000000,3302,3302,114427811.659666,,35880.695996795,,6786.44916,,118478058.18141702,,,,
2017-09-06,5447,,0,,3.8802429,,,,,,1407000000,6534,6534,362606165.847835,,55507.247643348,,3837.2197785,,362684356.10163566,,,,
2017-09-07,3964,,0,,10.95885645,,,,,,1407000000,4799,4799,128389308.372114,,26753.3461913136,,3495.58,,128389308.37211405,,,,
2017-09-08,5637,,0,,4.25819546,,,,,,1407000000,7198,7197,330421657.175999,,45915.8630229261,,3139.752,,330456466.1759991,,,,
2017-09-09,4284,,0,,7.68330991,,,,,,1407000000,4550,4550,183124202.481101,,40247.079666176,,5479.64937,,183124212.48110097,,,,
2017-09-10,1693,,0,,11.44127097,,,,,,1407000000,1870,1868,122975848.060081,,65854.2883073238,,2840.4646,,123015810.5580809,,,,
2017-09-11,1621,,0,,28.65155127,,,,,,1407000000,1823,1823,49107288.7006976,,26992.8172031803,,2445.37,,49207905.76139765,,,,
2017-09-12,1239,,0,,39.71924167,,,,,,1407000000,1374,1373,35423637.031461,,25820.5214577283,,2595.1943,,35451575.96146099,,,,
2017-09-13,1492,,0,,30.3183694,,,,,,1407000000,1615,1615,46407508.9721733,,28799.0444189928,,3998.9357,,46510456.73667332,,,,
2017-09-14,1148,,0,,19.01988437,,,,,,1407000000,1267,1266,73975213.1284939,,58834.5296506271,,3122.2975,,74484514.53769396,,,,
2017-09-15,1422,,0,,27.04342252,,,,,,1407000000,1426,1426,52027438.4330531,,37195.1830757034,,5000,,53040331.0659531,,,,
2017-09-16,869,,0,,46.39743833,,,,,,1407000000,895,895,30324950.0553212,,33912.9141454985,,2707,,30352058.16022117,,,,
2017-09-17,786,,0,,73.56872848,,,,,,1407000000,843,843,19124973.7374533,,23002.2920860656,,2857,,19390932.22855331,,,,
2017-09-18,756,,0,,64.33189119,,,,,,1407000000,769,769,21870956.5976133,,28523.9416429302,,1977.7621,,21934911.12341335,,,,
2017-09-19,660,,0,,83.5710518,,,,,,1407000000,704,704,16835973.3388489,,24079.6288477967,,1717.8387715,,16952058.70884888,,,,
2017-09-20,471,,0,,270.53584641,,,,,,1407000000,501,501,5200789.53917218,,10384.4123735972,,1205.8715,,5202590.59917218,,,,
2017-09-21,648,,0,,71.49885594,,,,,,1407000000,693,693,19678636.5526104,,28540.6010860179,,1498.4,,19778636.55261038,,,,
2017-09-22,639,,0,,142.51518818,,,,,,1407000000,874,874,9872631.94843276,,11520.0594375661,,1990,,10068531.94843276,,,,
2017-09-23,1024,,0,,23.63998719,,,,,,1407000000,1066,1066,59517798.7551248,,55834.0735732878,,19607.34554725,,59519122.4291248,,,,
2017-09-24,838,,0,,127.74180381,,,,,,1407000000,998,998,11014405.2930579,,11302.8720231318,,1721.24598006,,11280266.27908552,,,,
2017-09-25,901,,0,,105.67098763,,,,,,1407000000,985,985,13314912.9346613,,13618.7069265597,,3441.107448,,13414426.32266131,,,,
2017-09-26,627,,0,,182.8995797,,,,,,1407000000,663,663,7692745.94460331,,11608.5466594616,,4335.14,,7696466.43522303,,,,
2017-09-27,454,,0,,263.48621178,,,,,,1407000000,495,495,5339937.86817616,,10792.1895922751,,2334,,5342133.84817616,,,,
2017-09-28,349,,0,,160.02538842,,,,,,1407000000,420,420,8792354.8501357,,21070.8657754809,,2161.495,,8849763.62570197,,,,
2017-09-29,585,,0,,16.62516528,,,,,,1407000000,614,614,84630737.6023284,,137856.828342554,,4461.2063,,84644092.60232835,,,,
2017-09-30,670,,0,,165.46765495,,,,,,1407000000,788,788,8503172.42041928,,10817.7531067593,,1408.04952,,8524389.4481263,,,,
2017-10-01,244,,0,,259.88872212,,,,,,1407000000,321,321,5413855.5476416,,17123.1944632371,,3000,,5496545.42269911,,,,
2017-10-02,261,132967816.64879023626,0,0,316.74234619,,0.000021511803023642385,0.09450448944476918,,,1407000000,283,283,4442096.28714125,419798.0416807886251841083067,15724.5461948454,1486.040209894552477954108785,2652.47246658,250.6705562204504815533640044,4450046.57314125,420549.3794001585213690937867,,,
2017-10-03,223,155850406.55970191637,0,0,306.91261898,,0.000025717290893001715,0.11076787957334891,,,1407000000,246,246,4584366.73167693,507800.5820544573179787002876,19144.0353791055,2120.5442054206889698460752,3606,399.42897374149616946,4709432.70325995,521653.8745334891542784957792,,,
2017-10-04,211,155909176.42588009365,0,0,342.29489114,,0.00002629124873573075,0.11080964920105195,,,1407000000,220,220,4110490.79729149,455482.0432920223478395187829,19193.9149695068,2126.870984565868243866732678,4142.0456,458.97861991076074486892,4222661.29329149,467911.6166044903487927859829,,,
2017-10-05,194,120431684.95067796324,0,0,304.02018619,,0.000019819467348953504,0.08559465881355932,,,1407000000,225,225,4627982.16672754,396130.5545562807900163040677,21219.1099307419,1816.24247484926126302982726,4406,377.13006673254236392,4774299.73441692,408654.5568410831422217700317,,,
2017-10-06,191,125871791.26632228048,0,0,382.79842881,,0.000020477412736039126,0.08946111674934064,,,1407000000,208,208,3675563.67560324,328820.0311027770606531242477,18229.2551904002,1630.809526841916129721007724,4999,447.21612262995385936,3791685.07960324,339208.3815831184118441828077,,,
2017-10-07,200,130284568.93676213283,0,0,362.70489202,,0.0000208156050442399,0.09259741928696669,,,1407000000,259,259,3879186.71884972,359202.6790977600934729447558,15534.0763286151,1438.415379036516570656927531,5136.944,475.66775742166781639536,4023325.76911132,372549.5831704586344366597419,,,
2017-10-08,206,104430250.7158387113,0,0,323.13706156,,0.000016107447823330468,0.0742219265926359,,,1407000000,249,249,4354189.49849814,323176.3333279550704306338472,17817.3795120407,1322.440234215819687148001081,4128,306.3881129744009952,4436527.49849814,329287.6183197395251648338472,,,
2017-10-09,175,106250696.73866599371,0,0,326.91515721,,0.000015780111292305027,0.07551577593366453,,,1407000000,155,155,4303868.96719383,325010.0045744614441048627058,28412.0578528634,2145.558594631146261661515515,5000,377.57887966832265,4403868.96719383,332561.5821678278971048627058,,,
2017-10-10,223,93196638.99276157812,0,0,173.84989523,,0.000013927943948155708,0.06623783865867916,,,1407000000,324,324,8093188.65660472,536075.3244704357794492854216,25335.5437892121,1678.17166183973192866124309,8325.69425,551.47599245299279500683,8208716.18770472,543727.6184360731183911072976,,,
2017-10-11,223,113772429.20585331069,0,0,357.54816095,,0.0000167845067406416,0.08086171229982467,,,1407000000,244,244,3935134.21036901,318201.6903800566163747190015,16771.9144820447,1356.205723564361427373673103,5293.275,428.02328017385443009425,4092347.1336189,330914.1965497036384195325983,,,
2017-10-12,246,117573846.57344990517,0,0,287.77480624,22.952955380624555,0.00001546779197375844,0.08356350147366731,,,1407000000,259,259,4889239.67457093,408561.9867511205882252178173,19212.1005023962,1605.430388644229325515856608,5607.22704779,468.5595256711868650759307449,4975934.03012062,415806.4706588557462753130509,,,
2017-10-13,280,112590710.36695053831,0,0,250.83000679,22.929641537036723,0.00001422761572867448,0.08002182684218233,,,1407000000,295,295,5609376.71690592,448872.5723328147419014980964,19350.4747861218,1548.460342649053836389109188,6999.9999999,560.152787887274127315781767,5708390.06190592,456795.8010814700014946919464,,,
2017-10-14,384,137088782.56487257767,0,0,121.10053623,22.881502961247175,0.000016782947870800018,0.09743339201483481,,,1407000000,447,447,11618445.663462,1132024.570931150557016782712,26012.3146609888,2534.46805157735660366558326,4856.92264794,473.2264483424675371468867914,11627504.65346199,1132907.219055078051078304464,,,
2017-10-15,349,140717070.81522673674,0,0,230.75332414,22.856320371704822,0.000017555758468162527,0.10001213277556982,,,1407000000,341,341,6097420.28733766,609816.0073656671352059372454,17999.4231300225,1800.160695963472790025386921,5868.772,586.94840449354644366104,6137803.28733766,613854.7973235429712469972454,,,
2017-10-16,261,137627634.44053598268,0,0,232.15021548,22.831344181369683,0.0000169662524910824,0.09781637131523524,,,1407000000,305,305,6060730.96730246,592838.7107394022776256831307,19934.3857789119,1949.909281291191271982779735,4994.666,488.56010405158073522984,6079987.66256813,594722.3307938133868629334769,,,
2017-10-17,350,134583467.37049487112,0,0,133.70376171,23.258992615283717,0.00001710972772459104,0.09565278420077816,,,1407000000,424,424,10523264.1328842,1006579.513190561289407285169,25558.6957759062,2444.760411506096062747019169,9272.23747743,886.9153304869794449214369288,10836887.00898423,1036578.414478584845388077168,,,
2017-10-18,350,131972903.29289709762,0,0,197.38490637,23.55276421683352,0.0000168157447745931,0.09379737263176766,,,1407000000,377,377,7128204.61252123,668606.8642361388162613041774,19934.5248104011,1869.806051878409538588246608,4996.2,468.630433142837582892,7515315.85352123,704916.8815581618311475702374,,,
2017-10-19,392,125939511.98786064114,0,0,192.6088708,23.521461879508447,0.00001568871012454645,0.08950924803685902,,,1407000000,436,436,7304959.49715846,653861.4315303655396430336203,17069.8825205469,1527.912348491676708953688598,3944.445,353.0643058727483771439,7442468.77895846,666169.7839423720834110854563,,,
2017-10-20,309,125256958.54653158646,0,0,233.25301369,23.495136629046495,0.000014841671456691859,0.08902413542752778,,,1407000000,324,324,6032076.40383935,537000.3866845890464360707821,18758.7924187033,1669.985276739523982394552328,4297.88235,382.615260377981349796683,6077848.74365986,541075.2296636049512737890209,,,
2017-10-21,267,114910626.30632212257,0,0,166.58837671,23.788894836561354,0.000013575388994235606,0.08167066546291551,,,1407000000,282,282,8445967.40635046,689787.7785547366006100004296,29962.6077054251,2447.066110306347851578289933,3491.5,285.153128463769503165,8449455.37292989,690072.6431063910578589302236,,,
2017-10-22,240,111880394.4494535579,0,0,233.48990884,23.929512164685313,0.000013281553509211464,0.0795169825511397,,,1407000000,231,231,6025956.3551013,479165.8663425194580402239516,26459.2532004385,2103.959975055455467720714758,5071.61214,403.279294042528273355958,6112087.4893013,486014.7542378107299038716916,,,
2017-10-23,252,110288066.71707673422,0,0,346.03975136,24.246656761642615,0.00001328576338340919,0.07838526419124146,,,1407000000,276,276,4066006.8517717,318715.0212795226589316234947,14834.4283814192,1162.80058780359442859684468,4999.00385,391.848237475283194819621,4094302.2332717,320932.9622337921250009404847,,,
2017-10-24,239,100581318.1169806926,0,0,281.23144648,28.570002333907173,0.000012973514217041668,0.0714863668208818,,,1407000000,243,243,5002996.70470219,357646.0576360036156915421911,20886.8292168814,1493.123535123095102838594019,3684.9711999,263.42520292043635492207182,5075499.49970219,362829.0190349128105561731911,,,
2017-10-25,213,103448504.54424210942,0,0,356.86702245,29.31199199421635,0.000012850647116580377,0.07352416811957506,,,1407000000,232,232,3942645.05124835,289879.6975837943136845245262,17201.8493588291,1264.751664226155200881751162,4281.87985,314.821653959220839976541,3990829.05124835,293422.3861004679183755645262,,,
2017-10-26,399,104869266.91184378904,0,0,128.49323887,29.602206387154556,0.000012634542037856278,0.07453394947536872,,,1407000000,429,429,10949992.4851654,816146.1866449850918472951863,26160.6228705486,1949.85454327764476279681368,2450.9266,182.677239372237240655952,11222907.21146537,836487.5990661111386391922612,,,
2017-10-27,478,120452295.68967682332,0,0,147.55918165,29.708235221953473,0.000014873416710983065,0.08560930752642276,,,1407000000,527,527,9535157.24494588,816298.2088953698332235662002,18378.5667195108,1573.376370185478784344621186,5345,457.5817487287296522,9685504.66118219,829169.3470877471823747233226,,,
2017-10-28,278,108561710.582139465,0,0,277.10414945,29.734550129954265,0.000013449595940676308,0.077158287549495,,,1407000000,322,322,5077513.28450125,391772.2300419282616257643688,16091.9687714325,1241.628753703682616185801588,4962.551,382.901937037033961745,5181613.94440125,399804.4586925846450375148688,,,
2017-10-29,312,112770533.69925306348,0,0,127.75884228,30.037122565913215,0.000012952591874129071,0.08014963304850964,,,1407000000,345,345,11012936.3645824,882682.8084078671366480009743,32178.299983543,2579.078935805835237732676855,3000,240.44889914552892,11101513.49432233,889782.2328530127562696082723,,,
2017-10-30,383,121588454.6438177532,0,0,181.88427063,30.10320918881464,0.000014116791501173622,0.0864168121135876,,,1407000000,457,457,7735688.16639396,668493.5108445698124246105709,16980.5165326432,1467.402106793095397181662744,4000,345.6672484543504,7760096.05541796,670602.7628044461174479130733,,,
2017-10-31,367,122770270.1702324673,0,0,153.45023476,30.279767334795775,0.000013563641855332668,0.0872567662901439,,,1407000000,378,378,9169096.43190422,800065.7044504588571812948173,24635.4804419817,2149.612359371408146992494167,5000,436.2838314507195,9312211.60706909,812553.4718423929252632333421,,0.10385733043815325,
2017-11-01,264,120365051.33823910719,0,0,278.96614082,30.756416997780434,0.000012753406180553206,0.08554730016932417,,-9.47805689239749,1407000000,233,233,5043622.84199144,431468.3172047015666252417251,22110.3916835555,1891.484314214451145342937686,6182.9421,528.934003758251539240557,5151721.26226844,440715.8452119678440169559202,,0.09912343022042253,
2017-11-02,414,125326147.3319085552,0,0,139.7115794,31.34582574391724,0.000012659437131576564,0.0890733101150736,,-19.585614116508808,1407000000,357,357,10070747.2210193,897034.7903083677622956865205,28692.8833516298,2555.770096875353562290106953,6486.512,577.7750949411462872832,10243359.35653183,912409.9245845004557071011927,,0.09953494055910571,
2017-11-03,542,151194422.02903935456,0,0,135.45370868,31.39022322240531,0.00001497475145923449,0.10745872212440608,,-3.0240390623076374,1407000000,448,448,10387312.489943,1116207.326476157461454848053,23347.0033257657,2508.839142821040956940873735,6236.07104995,670.120226104630317825763696,10459457.48994303,1123959.935983825961858111786,,0.09369597534945746,
2017-11-04,1403,165406649.56977382116,0,0,85.83380344,31.39445753354439,0.000015883733824645763,0.11755980779656988,,37.344793969722396,1407000000,1352,1352,16392143.2303018,1927057.20752812372565691719,12127.324902108,1425.685984578372115149181307,1500.0159715,176.34158930132504291583842,16396143.26764999,1927527.451149956043126690416,,0.09470655974606212,
2017-11-05,513,155948388.95021687679,0,0,96.86144442,31.53208368729031,0.000015066703418147604,0.11083751879901697,,23.89462911531773,1407000000,477,477,14525903.5559523,1610015.108455570504180632211,30582.0629988554,3389.639982548356690591755176,7049.0199999,781.295886753562849989498303,14587644.05045403,1616858.271675566606929846175,,0.0954086953777246,
2017-11-06,429,148337446.49363409756,0,0,104.21330139,31.854705844061918,0.000015119397081586007,0.10542817803385508,,13.8564971310106,1407000000,402,402,13501155.6223837,1423402.238619452211586849954,33596.343159799,3542.001247937778301604447929,9985,1052.7003576680429738,13505729.9502392,1423884.501670987088101344135,,0.0856320035686038,
2017-11-07,446,166871987.74463659134,0,0,117.90017874,31.867407882784047,0.000016685844141183217,0.11860127060741762,,59.792767517819875,1407000000,438,438,11933824.1467669,1415366.707012035794690681093,27580.0655682122,3271.030819825856336381402179,6065.99999995,719.435307498665219389629119,12080068.71887695,1432711.499083725834383186042,,0.08785203389643059,
2017-11-08,486,180474395.28790058394,0,0,135.33340392,31.957456359200403,0.000017225923195679427,0.12826893766019942,,69.85714054355338,1407000000,458,458,10396546.3015545,1333553.949435471000855925998,24419.0414262193,3132.204502421550526430054653,5086.76225,652.473589937505737127895,11183920.97320846,1434549.662109072783445080831,,0.0838846877009851,
2017-11-09,532,179008078.57430135106,0,0,105.43166137,32.7231223537671,0.00001793900494614907,0.12722677937050558,,92.07568052771153,1407000000,503,503,13345137.3312926,1697858.842917461251645616913,31103.7224456861,3957.226433198747672969846978,5682.54740838,722.9722053884005314393287604,15645172.3901801,1990484.895898969023521564255,,0.0768286764430627,
2017-11-10,431,164773751.15599626564,0,0,130.43490157,32.75919668686148,0.00001778637819637378,0.11710998660696252,,44.82748791261554,1407000000,440,440,10786990.1616761,1263264.27336332453928073308,24996.4700952383,2927.336278074696459774278569,6653.42559508,779.1825823302404347022564016,10998446.84190487,1288027.962352868550280441495,,0.07887935681343601,
2017-11-11,393,187478741.79787849089,0,0,134.06001035,33.726898128796435,0.00002108627341188397,0.13324715124227327,,59.4561607548989,1407000000,391,391,10495299.801088,1398468.799928573302727939318,27085.0024574886,3608.99941885032667831239911,5831.99,777.0960535734252879073,10590235.96087803,1411118.772770476052306042399,,0.08105690663589407,
2017-11-12,377,166610116.34252849766,0,0,184.39274896,34.854326569608226,0.000020478947146831105,0.11841515020790938,,47.97856395036532,1407000000,351,351,7630451.89094586,903561.1068205801755453813662,22089.9082454298,2615.779802961505709034197552,6000,710.49090124745628,7753557.79414586,918138.7108394885275540333822,,0.07717994150816611,
2017-11-13,487,161162795.30012414718,0,0,102.94512854,35.412564510694715,0.000017668424301091072,0.11454356453455874,,17.560891770163163,1407000000,506,505,13667475.2850484,1565521.337337428015854213543,27456.2157571256,3144.932821451084719935606758,9999.9999999,1145.435645334133043546544126,13865388.95734842,1588191.074832796867218965136,,0.0774339253607377,
2017-11-14,384,155702319.05771378388,0,0,119.09074486,35.636899758202404,0.000016829183124200114,0.11066262903888684,,10.649204219269121,1407000000,409,409,11814520.1091379,1307425.856109996290699928055,29272.0291417884,3239.319702133214819415662825,3940.2703,436.040670521843360712852,11972259.91899144,1324881.758172483134803993089,,0.07761932203102481,
2017-11-15,398,151036409.19496740303,0,0,161.38810356,36.8463907395823,0.00001482590052042375,0.10734641733828529,,9.742792433321139,1407000000,442,442,8718114.71226161,935858.3803054797638420552947,20841.2824673586,2237.237005606164447578519535,4578.4983,491.485389294429725180007,9211846.85057251,988858.7564779256304781782114,,0.07773236668678518,
2017-11-16,365,151652222.49398173323,0,0,148.62977559,37.12094546988708,0.000013729602852287516,0.10778409558918389,,12.68265371444048,1407000000,415,415,9466474.63094837,1020335.406514723399823625026,24788.7240021841,2671.830197385308077632696534,7874.3,848.724303897910705027,10287320.4609064,1108809.531914902690541425678,,0.07760025329569739,
2017-11-17,386,153478693.37291378307,0,0,110.77815584,37.15027068889197,0.000014138002573017499,0.10908222698856701,,16.295610343804682,1407000000,415,415,12701059.9636017,1385459.9059450012854326414,31050.9465028956,3387.106394638708835643059634,5084,554.57404200987467884,12886142.79870168,1405649.15377506482128523168,,0.07696973748424625,
2017-11-18,295,164028434.32025202306,0,0,386.85237473,37.20361242292505,0.000014955578154965787,0.11658026604140158,,30.2438223963126,1407000000,258,257,3637046.30476362,424007.8258142393502732953945,14881.2158465511,1734.856102410448268960853091,4284,499.42985972136436872,3824472.47256362,445858.0183194837245535605185,,0.07771564909388538,
2017-11-19,291,161730569.03669566845,0,0,310.94620128,37.5919634547646,0.000014314471334322667,0.11494709952856835,,29.11902932451816,1407000000,247,247,4524898.50076642,520123.9583242673900831603548,18791.6495080177,2160.04560630408302988352746,4594.8542,528.16516304666030298457,4641537.42848038,533531.264757109439452737464,,0.07567749920426652,
2017-11-20,343,163200030.27601929033,0,0,342.7092485,37.672015253853814,0.000014011205686472374,0.11599149273348919,,42.0234451085229,1407000000,288,288,4105520.95155055,476205.5036189632452014421636,14731.5983605922,1708.740084195311430478500698,5098.96245,591.4362659675092372909155,4242700.32785055,492117.1442482492744084343606,,0.07531807440946986,
2017-11-21,344,152571746.70405740856,0,0,330.91473149,37.81666181963067,0.000013413927371738418,0.10843763091972808,,36.37040471196031,1407000000,310,310,4251850.60112298,461060.6062103976795550842393,14270.8405968483,1547.49614555530794365434101,4990,541.1037782894431192,4423960.58502298,479723.8051221462215962621513,,0.0766372380122964,
2017-11-22,366,165840889.4205548163,0,0,266.62264673,37.90344080695333,0.000014299649704164529,0.1178684359776509,,50.370656007588174,1407000000,293,294,5277121.11942818,622006.0128116298833162676624,18313.9929372044,2158.641704014027580765525144,5280.92784699,622.454705835534623094835791,5384313.9235381,634640.6609801248631030546493,,0.07510166631828782,
2017-11-23,446,185595907.04473464324,0,0,224.34685716,39.56037103354425,0.00001638408642618478,0.13190896023079932,,84.52324002045594,1407000000,356,356,6271538.71369668,827272.1507709336847276684303,18142.4457679826,2393.151157298250210483261852,5000,659.5448011539966,6458710.69340182,851961.8119981789744210685428,,0.07714675286226721,
2017-11-24,437,159380297.72442427776,0,0,211.32793856,39.559192735915566,0.000013787752983689312,0.11327668637130368,,54.067280553351715,1407000000,374,374,6657898.66507346,754184.6989754477707624231683,18687.1660662392,2116.82024965384658845693872,5000,566.3834318565184,6989000.10877346,791690.7733705385334615459843,,0.08353507909370762,
2017-11-25,523,159803350.17141050178,0,0,66.2550276,39.422792038393425,0.000012987546533506492,0.11357736330590654,,52.38339589590717,1407000000,452,452,21236124.276857,2411943.002201969288634326945,54470.2240033385,6186.584420981287784261728984,5846.7372,664.056995118558747141288,24620541.24950902,2796336.158283544122878841007,,0.0800640297003526,
2017-11-26,1041,160406433.80336371902,0,0,38.37854438,39.40770185524454,0.000012258018472343752,0.11400599417438786,,33.1700926785334,1407000000,1011,1011,36661109.0303249,4179586.182537818716475634416,36543.2965878585,4166.154857908323913150945798,10068.56,1147.8761927044746316816,36945272.85032493,4211982.561345313937114684847,,0.0770433409293352,
2017-11-27,917,183615391.02513015465,0,0,72.41745283,39.286924353817234,0.00001342368287272082,0.13050134401217495,,69.13457796540882,1407000000,863,863,19429018.0753961,2535512.971676031705975443748,23537.8148821224,3071.716477226746491804696114,9357,1221.10107592192100715,20313134.24327164,2650891.319846683370839280053,,0.0801947852198604,
2017-11-28,1008,202367430.71452070961,0,0,38.03855089,49.45806914345238,0.000014542353446781783,0.14382901969759823,,79.45062781578474,1407000000,1020,1020,36988790.763656,5320061.515336218300030773929,37731.4939243573,5426.883782866194041376106368,8531.6765,1227.102667372035925332595,38486123.80284442,5535421.458523514182649116357,,0.08086734912782238,
2017-11-29,777,159784048.16403845466,0,0,68.74605048,49.46619207804021,0.000011705671984867357,0.11356364475056038,,31.413832532135732,1407000000,814,814,20466630.3038165,2324265.13306367066547802769,26711.7632767172,3033.485195418176784919706785,6389.25485,725.587068006194948132843,21743375.30724781,2469256.949070396947710173028,,0.09361545246854984,
2017-11-30,456,158121711.95203896387,0,0,61.41832515,49.61783271247052,0.000011260827160613343,0.11238216912014141,,28.794790247499197,1407000000,507,507,22908472.2950012,2574503.80774089887607018012,47276.3585235388,5313.019718976776272340669622,9422,1058.86479744997236502,23969113.77143417,2693700.997521225390265248906,,0.09352869560509247,0.09734581477269537
2017-12-01,432,165686178.65264747646,0,0,34.3833384,49.48047418984873,0.000010900606766604089,0.11775847807579778,,37.65306192330778,1407000000,450,449,40920982.818752,4818792.658102105032535543971,102424.062944411,12061.30177067355455622461721,6999.9999999,824.309346518808612192420222,45988404.26204055,5415524.49503242729108811196,,0.09361107753333975,0.09532476064411854
2017-12-02,445,180630495.7633440894,0,0,132.51409222,49.851231143350105,0.000011771518623122278,0.1283798832717442,,44.128340022269896,1407000000,485,485,10617738.6604148,1363104.049833937653551891494,22696.2410629172,2913.74077836467764533718418,8023.4799999,1030.05342582033616548882558,11007676.91551483,1413164.277506867117429935066,,0.08848075385631052,0.09596954133408866
2017-12-03,525,168213640.39422499977,0,0,109.8384541,51.35265778526706,0.000010751544400691743,0.11955482615083511,,11.256512070211715,1407000000,539,539,12809721.4356626,1531464.019281268079525126194,24325.4415692242,2908.223937850896840881704822,9626.02465829,1150.837704545512895735884562,13111413.00581184,1567532.702501632942926899526,,0.08809285303637417,0.09012185532442099
2017-12-04,397,177806827.48955420511,0,0,134.90481207,53.6138054451681,0.000010951541890869491,0.12637301171965473,,7.496783201904826,1407000000,421,421,10429576.0720356,1318016.939182385423326840268,26872.3344870204,3395.937841062710986150754466,8000,1010.98409375723784,11313252.81903558,1429689.831087400263636169185,,0.08789509232857622,0.09021690689898935
2017-12-05,398,176609028.4443387756,0,0,139.15976251,63.01893149913424,0.000010765976156641363,0.1255216975439508,,13.248382771506115,1407000000,280,280,10110681.2389709,1269109.872441403050100512232,38373.0843463247,4816.654687147881985666697625,4583.38085,575.31374478243613006218,10744463.61697092,1348663.312401407458073465511,,0.08730107982141493,0.09015116267258798
2017-12-06,1535,267645881.12589746916,0,0,55.33322891,66.42241921691752,0.000014021277285919359,0.19022450684143388,,80.43042229217792,1407000000,1005,1005,25427758.831671,4836982.883837530902963196413,25530.3841555549,4856.50473546278820627848306,7237,1376.65475601145698956,25658036.07633269,4880787.259140105095789731518,,0.11428671160370636,0.10015793711419625
2017-12-07,1852,242025959.8756483785,0,0,34.23023425,78.30602320982865,0.000010351129865799568,0.1720156075875255,,45.0369011280788,1407000000,1419,1419,41104013.1912539,7070531.803379202601815343224,29141.1279195883,5012.728824873784366118175752,8926.9512,1535.5749345721898672556,41351260.51789575,7113062.202495891810377209467,,0.11563973391140273,0.10130059652086805
2017-12-08,1919,259700699.2180211877,0,0,28.79951711,85.39649374580397,0.000011608141090907496,0.1845776113845211,,43.89891641068273,1407000000,1575,1575,48854985.8201362,9017536.586905388378661373774,31175.0930286579,5754.224205919910782258767232,9975,1841.1616735605979725,49100771.52013624,9062903.124323868249494099155,,0.1161169418418821,0.09971119441344936
2017-12-09,2055,241232007.37795260738,0,0,28.7138182,89.88036928939704,0.000011673612283510426,0.17145132009804734,,34.76040260262545,1407000000,1787,1787,49000797.8159816,8401251.471407560299446805369,27450.6065962404,4706.442738417582575475825221,8081.7840999,1385.632552675264301449489266,49054233.98748157,8410413.173552215810382561238,,0.11586148234878473,0.09742622575651351
2017-12-10,1378,218286164.58576161892,0,0,38.68397133,90.70026270372496,0.000010197175351626078,0.15514297411923356,,32.476297380098806,1407000000,1111,1111,36371653.4657046,5642806.492303540375282697366,32779.506246663,5085.51008926729262059386761,9995,1550.6540263217394322,36418031.44004259,5650001.709175961636050864557,,0.11548139418452506,0.09848187771450521
2017-12-11,1939,266293192.4427040287,0,0,22.17630004,88.91559906415713,0.00001127217525888252,0.1892631076351841,,42.039139952088924,1407000000,1676,1675,63446111.2677143,12008008.1858952782904130667,37949.1438908742,7182.37290488161284623482694,10085.7099999,1908.85281728832631844748159,63564816.01721431,12030474.615676706249021026,,0.11835383144508273,0.10120775419787216
2017-12-12,988,289026289.18609871019,0,0,39.69323224,89.60522150342187,0.000012053298720851725,0.20542024817775317,,73.47463379228346,1407000000,903,903,35446848.7586767,7281500.46912664959918694843,39538.2928592986,8121.965931681804410181490127,10000,2054.2024817775317,35703078.45194665,7334135.236308672299361409708,,0.11856850850206757,0.09871398622582922
2017-12-13,871,261142721.02423786974,0,0,64.05727899,93.02900327931688,0.000011462470556218214,0.18560250250478882,,62.03660437753445,1407000000,810,810,21964716.9252769,4076706.428140683221148354524,27358.7397930204,5077.850570961934353846611952,6711.3712,1245.647289958567548629984,22160579.23234656,4113058.962479173508305845853,,0.12030992165502787,0.09980478821863742
2017-12-14,1422,317716679.27938830318,0,0,37.13128695,94.0051726841508,0.000013780884236915029,0.22581142805926674,,104.05391596102116,1407000000,1384,1383,37892572.9674812,8556576.014626896605148336735,27500.3849777343,6209.901204001788653955684547,1960,442.5903989961628104,38033032.4242066,8588293.365134487957121822268,,0.1243503652051978,0.10258002322745632
2017-12-15,983,318511280.9378551317,0,0,37.57468047,93.51087743631209,0.000012914427192431896,0.2263761769281131,,110.88377473718971,1407000000,1058,1058,37445428.2101911,8476752.881659177904221513413,35709.5822363432,8083.798706363432908680620016,6065.40269995,1373.062674744136093798964345,37780738.00605112,8552659.031332515277201043742,,0.12436044183835901,0.10247831194566809
2017-12-16,1501,338961886.56751395975,0,0,37.71502618,92.27203502102617,0.000012385088052574827,0.24091107787314425,,123.51264029840745,1407000000,1598,1598,37306085.7343767,8987449.325496620969683942939,23608.9916531564,5687.667626659974083694305011,475.873578095,114.6432166302163367555752038,37727168.66174393,9088892.867402639260294517452,,0.12451399986691997,0.10256123253214353
2017-12-17,1144,408877242.2284620252,0,0,65.74749029,92.30370746051851,0.00001532189665000912,0.2906021622092836,,166.40651757113633,1407000000,1001,1001,21400056.3943485,6218902.659598279523869273735,21528.3285045225,6256.178812165991369054085081,5454,1584.9441926894327544,21549856.833027,6262434.990978150821874489457,,0.1278576192055001,0.10460469044650884
2017-12-18,1608,565544783.6395140021,0,0,20.56455687,88.9588627890625,0.000021259779188227264,0.4019508057139403,,244.78460151325615,1407000000,1515,1515,68418687.9742375,27500946.75713544100412101302,45776.4475328434,18399.87996854831925346947685,7572,3043.5715008659559516,69351318.01225773,27875818.15235069522803933743,,0.13854854547624124,0.11178984181013832
2017-12-19,1673,490215565.6768957797,0,0,38.52526561,87.04363228427255,0.000020007566317705123,0.3484119159039771,,203.10631354154754,1407000000,1620,1620,36521487.3339702,12724521.37369139014278211288,22914.9501550765,7983.841686374340524328104748,5000.17295,1742.119837360741092839445,37122219.25122394,12933823.53192643513353068873,,0.14269801310980113,0.11300511222860399
2017-12-20,2258,625858049.58413884581,0,0,22.45879824,84.54642210880753,0.000027150496411379145,0.44481737710315483,,283.4913808077294,1407000000,2446,2446,62648053.779348,27866942.96274696346763550045,26338.3643439773,11715.76214467523782992313991,5334.679,2372.95792046728090534957,64423639.18536845,28656754.20587562025570367095,,0.14617839210058012,0.116341882161421
2017-12-21,2197,596209090.86412690758,0,0,29.70629707,82.48178172521212,0.000027291195849102483,0.42374491177265594,,290.77293387784994,1407000000,2276,2276,47363695.2024669,20070124.84479630395948145294,22322.4365493945,9459.018906173882701552263828,4262.71594995,1806.304194123456003711610203,50805865.58642184,21528727.03045173923144665802,,0.1471090843995888,0.11664720333218165
2017-12-22,1010,552956128.9047328092,0,0,53.31361002,84.30078031980064,0.00002864265779560799,0.3930036452769956,,233.42568942843465,1407000000,1082,1082,26391009.7171132,10371763.0213661000488116011,25054.0586518615,9846.336379165219543875067309,6000,2358.0218716619736,27108491.46131416,10653735.96225677422753479254,,0.1481212081458735,0.11636732409914055
2017-12-23,1531,538523509.68823186038,0,0,28.93400557,82.24143405459598,0.00002687181445654123,0.38274592017642634,,190.15915181708735,1407000000,1624,1624,48627902.4332091,18612131.26304809838004017597,30162.3360454474,11544.51106438535747895635844,8561.2944622,3276.800526836082071628214348,48983633.73780662,18748285.96856183677425214159,,0.14414871516047922,0.1165901572099417
2017-12-24,1012,486192859.5166423116,0,0,47.06216389,81.36519584721236,0.000025566882141490682,0.3455528496919988,,205.05204624306305,1407000000,1063,1063,29896627.8570052,10330864.95216934206890896999,28461.5160917265,9834.957992050772385453927928,7617.8599999,2632.37323152013469359880012,30254591.60550523,10454560.34554995739639996255,,0.1464676897546156,0.11780503794239332
2017-12-25,1093,540815310.32083268742,0,0,30.56940374,79.4092645020087,0.000027899993272724485,0.38437477634742906,,238.4255146971173,1407000000,1212,1212,46026412.9402013,17691392.17996428946539477387,41276.0985916197,15865.49116464825379884095625,9683.95,3722.266115409685645587,50026631.49304311,19228975.29155369651918772425,,0.1468423919926691,0.11734995861003664
2017-12-26,1305,573987497.2967252313,0,0,36.55829229,77.79226743752758,0.000026074749101068354,0.4079513129329959,,257.83321384749144,1407000000,1431,1431,38486480.410075,15700610.21346012269643029369,28004.4080905791,11424.43504846315661521632893,7357.3103,3001.42439654045394492777,40074307.97761869,16348366.55435077625967680953,,0.1457956095698162,0.11616614723098075
2017-12-27,1428,556611900.17849947398,0,0,29.5272393,75.97851772874643,0.00002570891221107074,0.39560191910341114,,203.14011100644603,1407000000,1576,1576,47650916.0192903,18850793.82426671924568477191,33044.4270665628,13072.43876320494628761331503,9879.4154,3908.315691859794209047556,52078017.05690291,20602163.49081097050547806479,,0.14591608607002976,0.11641081212295025
2017-12-28,711,504381936.0097606221,0,0,67.14143139,78.99660222472903,0.000025247270973764722,0.3584804093886003,,149.24066794191359,1407000000,840,840,20955764.136864,7512230.906833954927690591459,26994.2880683888,9676.923437909825436681508197,5832.8444,2090.96044841200468369332,22675201.9774466,8128615.687844256234655741994,,0.13884563029474603,0.11736485579467046
2017-12-29,584,509685613.79820564858,0,0,81.04804595,78.56252300031541,0.000025073095455207844,0.36224990319701894,,218.9840410570579,1407000000,700,700,17360073.0716936,6288684.789714181840628417077,25899.206250696,9381.984957194253844841500182,4919.99999995,1782.269523711220689640149053,18129444.37548723,6567389.470035988558886146038,,0.1386302465166121,0.11736323011094218
2017-12-30,572,468668855.4711153417,0,0,149.61029638,78.3684987202087,0.00002624517080536419,0.3330979783021431,,196.3975343330906,1407000000,687,687,9404432.94358364,3132597.600585783081196406099,15316.9339378973,5102.039728501074104150897704,5306.3559999,1767.53645571813705371338569,10522733.61533545,3505101.293480239541731760403,,0.14052510488740486,0.11807148000183249
2017-12-31,959,501611879.55020117031,0,0,122.15459786,78.02680077804139,0.000025714228731275976,0.35651164147135833,,202.748173462196,1407000000,1069,1069,11518191.0847031,4106369.210388267493093641762,11913.9983978696,4247.479125311624388456090214,2604.77534,928.6327321275154942875822,12736064.28732265,4540555.184958143441213694475,,0.14033010951276925,0.11819562624406085
2018-01-01,499,537381764.6133385764,0,0,95.39172239,77.54110856601316,0.000028473634648708203,0.3819344453541852,,197.50334368643806,1407000000,588,588,14749707.4665994,5633421.340392125965332001809,25886.7837579487,9887.054396595866755637311899,4999.99999995,1909.67222675182927773229074,15221428.84967383,5813587.985198367513481845413,,0.1389396441358445,0.11634889563988125
2018-01-02,687,541414966.80269907825,0,0,82.27153688,76.92912100464073,0.000026102129139866398,0.38480097143048975,,221.86151226133654,1407000000,875,875,17101904.9032719,6580829.620090882963348194413,20564.9491407671,7913.412406785795579225643687,4562,1755.4620316658942395,17994330.49817124,6924235.855937581713849152565,,0.1390352469445632,0.11600832672387423
2018-01-03,681,588757110.7008600345,0,0,68.28074597,76.18955781993417,0.000027882851929398986,0.4184485506047335,,231.12176793967504,1407000000,780,780,20606101.7634773,8622593.4165407191836987998,26920.8899306076,11265.00737245231482983109107,5397.30095,2258.492759705051194046825,20998294.14587392,8786705.7505128022196798462,,0.1390021122291482,0.11582079875093754
2018-01-04,819,665632320.1014986205,0,0,88.26698205,75.63144935069111,0.00003137322409621415,0.4730862260849315,,276.89597523112116,1407000000,886,886,15940275.3700907,7541124.717590794038293058287,18741.5256129692,8866.35762331368136483709361,4418.954,2090.546271102912391651,16604991.69309073,7855592.854255930583266715335,,0.12020928630385452,0.11613831627237144
2018-01-05,1058,741858706.1366982039,0,0,91.74970721,75.11747639441532,0.00003106486588224452,0.5272627620019177,,177.1791977578525,1407000000,1066,1066,15335198.8011383,8085679.275736677112725542918,15506.8324267781,8176.175295243921219657032362,3039.6,1602.66789138102904092,16530283.3669455,8715802.864730043957883791385,,0.1182607666362295,0.1160169454996737
2018-01-06,875,812037075.892358589,0,0,92.6818897,74.63811401850232,0.00003366418696314701,0.577140778885827,,235.51651909967796,1407000000,921,921,15180959.3504365,8761550.703744999928116113486,16564.6131861417,9560.113756192261161082943686,3798,2191.980678208370946,15256008.74443651,8804864.769453075011062740344,,0.11850974696203065,0.11612231005076816
2018-01-07,958,767955724.3386989037,0,0,99.54029013,74.20810458258605,0.00003359494771252219,0.5458107493523091,,195.70799256647084,1407000000,962,962,14134979.8970093,7715023.969666470938999139175,14809.2492937415,8083.047454362202417737203498,3095.0025,1689.28563377227004527275,14246497.82057928,7775891.651096415256000967615,,0.11794336681223033,0.11652544457327267
2018-01-08,1008,770792956.6937275074,0,0,111.39790915,74.01131516853468,0.000036811315454707146,0.5478272613317182,,219.52350149210514,1407000000,1180,1180,12630398.638251,6919276.695520908262074072868,10831.6684019076,5933.883236270349228361265638,1716.18166397,940.171100920396178615133254,12781368.71425097,7001982.218799013185120816117,,0.11508908065948067,0.11569007735934221
2018-01-09,883,808373554.0077070818,0,0,61.07060354,73.19406216359945,0.00004005187632961705,0.5745369964518174,,270.327434879689,1407000000,962,962,23038907.7308258,13236704.84919921112107841281,24207.3324569075,13908.00808190222851148555869,4825.915,2772.666709231772367921,23287453.82354502,13379503.77478994670073408972,,0.11116082804218456,0.1149238058829181
2018-01-10,685,770909554.8392117082,0,0,152.40721768,73.01079830526331,0.00003739208532559378,0.5479101313711526,,189.49653116088635,1407000000,722,722,9231846.24362501,5058222.088142860880097965887,12838.9067257964,7034.567070793080215765220931,3868.43999995,2119.55746857402605737544237,9269690.65602501,5078957.425112608956555698127,,0.11194063685128217,0.11377382652279085
2018-01-11,800,709557192.5453077836,0,0,95.4918866,72.62869139784141,0.000038286540552687625,0.5043050408992948,,145.49918782247417,1407000000,812,812,14734236.0700814,7430549.523942265110052638597,18795.212311015,9478.520313217348711791772222,2634.476,1328.5795269282105675248,15261712.39654417,7696558.494332482110924510051,,0.11119160121135725,0.11440180822033715
2018-01-12,943,903081107.6441045514,0,0,93.16907664,72.48388659877567,0.000046609232231742436,0.6418486905786102,,245.8189851519106,1407000000,1014,1014,15101577.1623385,9692927.527318810143781111953,15410.0975246534,9890.950917887467104805208705,4105.03805,2634.81329716787138711811,15625838.88999852,10029424.23073787392924862166,,0.1138158847205852,0.11751221891495175
2018-01-13,771,965106593.1355517445,0,0,94.74044883,72.12250471171731,0.00004824591608995752,0.6859321912832635,,203.76327592385314,1407000000,774,774,14851101.2703868,10186848.43736607606618301132,20088.5522693628,13779.3846778324012036474495,2876.24945,1972.912087915781436080075,15548539.45648682,10665243.74064228731155517434,,0.11376245847902157,0.11733282923417086
2018-01-14,732,829086699.8551493685,0,0,173.35675181,72.03816926437827,0.0000432482134786087,0.5892584931450955,,160.300576297928,1407000000,735,735,8116211.13877543,4782546.345682249460513180404,11150.6080671775,6570.590507316559466318652951,3071.8764,1810.1292585919806421962,8195696.92937543,4829384.022877652056843182704,,0.11897916779310412,0.11969367282209575
2018-01-15,778,739529613.6644352573,0,0,132.69209628,72.03488142016343,0.00003870500845614417,0.5256074013251139,,118.17485769661502,1407000000,781,781,10603495.1550808,5573275.533425454896500223703,13667.0171243032,7183.485354570836126632198134,3276,1721.8898467410731364,10673940.37408083,5610302.061919839203607707557,,0.11798107225711987,0.12112023717395964
2018-01-16,1259,459237283.76011773,0,0,44.88480353,71.05593802357681,0.000029202970027788802,0.32639465796739,,12.316665328983213,1407000000,1427,1427,31346912.3020442,10231464.71915948654971393864,22061.4807714675,7200.749470657285932657444825,2107.78752,687.9705866583332089728,31481733.06088417,10275469.49462796252964842722,,0.13655774875308072,0.137552054196189
2018-01-17,999,501632343.70744022178,0,0,52.17840768,70.28060623946381,0.000032196807170769705,0.35652618600386654,,-11.301039595975208,1407000000,1189,1189,26965177.0234097,9613791.719075354991972294541,22983.4640806642,8194.206789836070055947651356,4998,1781.91787764732496692,27327338.79190974,9742911.873115089506984110686,,0.1350906055445992,0.137792893279271
2018-01-18,800,485124034.66465929165,0,0,57.09559764,69.56208988912886,0.00003110838598616864,0.34479320160956595,,-1.0386310367778733,1407000000,840,840,24642880.6801026,8496697.726575093434925987466,29430.1193234555,10147.30506528577487007100914,4003.782,1380.4768143267511784229,24721300.23170259,8523736.254840040547063599391,,0.12680328228193358,0.1379578585546644
2018-01-19,658,532116089.24536536642,0,0,97.50452116,69.33416878376298,0.00003321685593231693,0.37819196108412606,,-14.978150460965036,1407000000,669,669,14430100.0946149,5457347.853422642037184478754,21773.5918578699,8234.59740457317725892457468,2745.41931,1038.2955128471282195982186,14566532.95291494,5508945.663659446849986239417,,0.12792272423817577,0.13781276503626802
2018-01-20,571,617878915.07338408335,0,0,165.74899162,69.24080059225739,0.000034456719858902966,0.43914635044305905,,3.634601441224187,1407000000,635,635,8488739.42602696,3727798.938801847311389050172,13608.443715633,5976.098392930014034176827129,3655.2509,1605.190092688706991265645,8641361.75942696,3794822.479510561107434037442,,0.13023013458075744,0.13859277063057152
2018-01-21,562,510057241.0202398038,0,0,76.09273368,68.69895065103023,0.00003182094538491664,0.3625140305758634,,-7.758099719314973,1407000000,589,589,18490596.039611,6703100.498069480745726925137,31728.3339470428,11501.96622259947827356348675,5271.4682,1910.98118423449160064388,18687988.69480818,6774658.105111082117719200883,,0.1351290676466964,0.1408208290346182
2018-01-22,613,487428147.9905988906,0,0,137.28129401,68.50398401065291,0.0000322857078302299,0.3464308088063958,,-9.48804662719621,1407000000,626,626,10249029.2661835,3550579.498164371135595456429,16631.7541816829,5761.752053029562565524727492,10505.0835,3639.2845734837232130493,10411478.11773352,3606856.785196514688216376047,,0.1340291731687129,0.13928282256079857
2018-01-23,422,492895046.87055750999,0,0,138.70347104,68.27493781566102,0.00003231668056531308,0.35031630907644457,,1.3785038637914828,1407000000,434,434,10143942.2492157,3553588.408229851472197427024,23564.6446435846,8255.079336238566728223028006,3997.49999995,1400.389445515571353121177772,10227055.7753157,3582704.431927532214861325301,,0.1324869713818892,0.13927006928665658
2018-01-24,1181,548293410.20615214375,0,0,153.28013273,68.34018336717301,0.000034690971714151656,0.38968970163905625,,1.3827455958824761,1407000000,1222,1222,9179271.80107484,3577067.68942465689314847322,7676.58763590412,2991.487145441544694865372287,1657.6902,645.98479944798748287375,9380790.09107484,3655597.29172956970586228572,,0.13356437086623127,0.13971682908878472
2018-01-25,520,615635887.77504861558,0,0,127.91436348,68.28621625977112,0.00003927655099531388,0.43755215904409994,,7.255975204071921,1407000000,591,591,10999546.5851017,4812875.356817405414000489864,19159.1440956631,8383.12486449440904670299697,3675,1608.0041844870672795,11323054.16053692,4954426.79491620795430670854,,0.13518526720349613,0.13946712314613904
2018-01-26,573,628025282.96562484941,0,0,165.55449134,68.16046644885202,0.00004044609758180971,0.44635769933590963,,12.830013653000211,1407000000,615,615,8498712.34935152,3793465.691574227930099579823,14185.9194982952,6331.994390223466864626926263,3589,1601.97778291657966207,8724340.49145152,3894176.549987419623729978246,,0.13377516658121855,0.1390964121864004
2018-01-27,461,605876993.35361493855,0,0,199.10389444,68.30555702959626,0.00003779735257299163,0.43061619996703265,,20.122659060075893,1407000000,490,490,7066662.37737612,3043019.29939570163321720937,14637.2061779104,6303.018102465750489390665575,2688.30065,1157.6258102719038515662225,7172231.02717612,3088478.87020822807459022534,,0.1340160999884424,0.1351417146170742
2018-01-28,461,595658644.0963837812,0,0,235.24507861,68.37026943254858,0.00003617055636769674,0.4233536916107916,,16.867855001341383,1407000000,517,517,5980996.53485214,2532076.962541006051365534354,12473.4149825524,5280.66627985691623556555248,3000,1270.0610748323748,6448755.54597959,2730104.466686025355104437343,,0.13298597348206465,0.13517202432130088
2018-01-29,536,584655851.3952136449,0,0,152.93068181,68.3691195528637,0.00003713287027330713,0.4155336541543807,,24.748176579283435,1407000000,613,613,9200246.69575821,3823012.128610175826863179491,17780.9730107406,7388.592689573461824231641346,2479.6088,1030.36090553735894227016,10899736.45558397,4529207.318708524701754952197,,0.13256989713565814,0.13523773897056884
2018-01-30,449,526589766.8802227499,0,0,196.69019821,68.29132992351148,0.00003732871303470692,0.3742642266383957,,4.97952467800791,1407000000,525,525,7153381.37236539,2677254.747177838386116303805,14884.863997726,5570.872112726620321309088178,3200,1197.64552524286624,7814553.59880613,2924707.859181468183402738526,,0.1335083748110075,0.13593889624363215
2018-01-31,470,537853073.627255158825,0,0,114.65111155,67.75282557270427,0.0000380944135697076,0.38486803121807167,,0.768086225154694,1397500000,586,586,12189153.5211818,4691215.5179120652232862955,40230.1819254523,15483.31091319367844230849857,3619.7532115,1393.127292005297184319668205,23574886.60831502,9073220.195131484867861512297,,0.1336071601839669,0.13542714165050984
2018-02-01,505,485791723.8868724355,0,0,98.7894986,67.61591215927768,0.000038222833004890016,0.3476148292571538,,-9.663733964885072,1397500000,558,558,14146240.4379323,4917442.954462481062404655088,33516.9071922756,11650.97397087075286361340119,5574.99999995,1937.95267309125169353714231,18702434.21328981,6501243.475745888857789975143,,0.133894372382668,0.1362585896189972
2018-02-02,560,465249631.25132164725,0,0,85.00055489,67.61413375291687,0.00003762614803369204,0.3329156574249171,,-20.44048021105725,1397500000,700,700,16441069.1422599,5473489.342263972494082864154,27881.6989609368,9282.254139703902773031878339,9159,3049.1745063548157189,19517189.27265579,6497577.897792741928592037585,,0.13170714715352627,0.13645133396118117
2018-02-03,347,494548872.118608071375,0,0,123.53304778,67.73112713341777,0.000038729402083669794,0.35388112495070345,,-25.19733075315272,1397500000,423,423,11312762.2531739,4003373.03245303440258580018,38416.1515734758,13594.75093509835252742557155,6633.21,2347.3678168342556315745,16250032.11558027,5750579.645546605454716441441,,0.130446958918105,0.12597181779486133
2018-02-04,436,430974838.169416550425,0,0,116.12023227,67.78464801228999,0.00003728414276614804,0.30838986631085263,,-41.51116131547879,1397500000,571,571,12034939.7577677,3711453.462957146137721852474,26398.8411321246,8141.135087497342884176709398,7730.8437,2384.113855113097296263931,15073738.28644314,4648588.134960980751491783414,,0.13081621438756214,0.12662457652168269
2018-02-05,532,350325300.2408515785,0,0,160.87582632,67.90347396688918,0.0000363955364659064,0.2506800001723446,,-56.56519009863009,1397500000,639,639,8686824.06777798,2177613.058807711245631568852,15482.9853305148,3881.274765321858977593441,6300,1579.28400108577098,9893627.62619898,2480134.575040673602186212729,,0.13517704666481084,0.1294621562362141
2018-02-06,695,407016301.645200455,0,0,63.97606879,67.48638687910815,0.000037686243340547695,0.291246011910698,,-46.63974422337642,1397500000,831,831,21844105.5597353,6362008.628029211585928118239,27813.1192252363,8100.460053146834959583547937,4111.628,1197.495257460359396344,23112702.07617138,6731482.304165024132730303423,,0.13903184071025526,0.13038344053724923
2018-02-07,586,381116858.501724750925,0,0,165.92236013,67.66510739377419,0.0000357658240860957,0.27271331556474043,,-50.219104667810946,1397500000,656,656,8422614.04015191,2296959.000611961154441076919,14923.9405621936,4069.957312006932938171655407,2500,681.783288911851075,9790105.00879901,2669891.996676550298232456691,,0.13860405943820844,0.12996609884874666
2018-02-08,385,412189541.3060434295,0,0,269.58038154,67.86968944185766,0.000035812119507366204,0.2949477934211402,,-48.66339413429306,1397500000,456,456,5183982.57329029,1529004.221125615241541957389,12802.1338640138,3775.961134272925647460944535,1542.448,454.9416340668508592096,5837773.04199029,1721838.277228453269388369129,,0.13986242284009137,0.12787188145036266
2018-02-09,548,487814041.79503550165,0,0,213.2239822,68.01433528285101,0.0000402704774913274,0.34906192615029374,,-36.292120520428874,1397500000,665,665,6554140.79390094,2287801.009779277502012381462,10339.9887597283,3609.296392843147216963327591,1229.89,429.3077723529847678886,6876092.52521932,2400182.101240693073811575923,,0.1436486315521506,0.12922896393499067
2018-02-10,437,495436543.790034363075,0,0,264.29855822,68.10061437024818,0.00004152906159922276,0.35451631040431797,,-29.702009368747976,1397500000,465,465,5287580.86849631,1874533.660463771032777365012,12682.0340115709,4495.987906204187018408302799,1349.93,478.5722029041009572421,5897145.81538046,2090634.376384943950171222365,,0.13527387673989394,0.12840007578235507
2018-02-11,392,495073612.2277914735,0,0,300.60290826,68.43478416591572,0.00004374937079117173,0.3542566098231066,,-44.80683453544895,1397500000,416,416,4648990.28456564,1646935.537310783250876616417,12454.4804353778,4412.082016145148107810540673,1003.98,355.666551130202564268,5181063.86111718,1835426.118716386997549654231,,0.13430453617768265,0.1260426094372209
2018-02-12,316,518862868.398399531175,0,0,471.33446345,68.7658970690909,0.000041634074844577504,0.37127933337989233,,-45.872297860041925,1397500000,316,316,2964985.81871648,1100837.958253888981597001197,10081.9220034255,3743.209280619888195951081176,1104.775,410.18012553477054887575,3185887.35308247,1182854.13267588912527254221,,0.13254091646550945,0.12614411507698853
2018-02-13,270,498588200.8573598704,0,0,359.47017682,68.94798780639434,0.000041873796212823426,0.35677152118594624,,-39.454157159157496,1397500000,281,281,3887666.04329646,1387008.528129826771242313942,15322.4646664999,5466.619027385081761616410365,2309.3519,823.910990316655202641856,4305612.57128646,1536119.9466952037294331092,,0.13128228867230426,0.1260929680857436
2018-02-14,226,539425926.854106419075,0,0,491.79342056,69.19929444383206,0.000040791505271004876,0.38599350758791157,,-26.562391127906565,1397500000,248,248,2841640.29363321,1096854.704242625705972631495,12728.5421052129,4913.134613671547425527121223,4468.15,1724.6768909289270814955,3156678.44209279,1218457.384190540210390456255,,0.09746491718176682,0.12418326666699003
2018-02-15,234,533432591.97091950775,0,0,729.08452285,69.61232706139633,0.000037830251315020446,0.3817048958647009,,16.945815915540187,1397500000,241,241,1916787.36305566,731647.1208099353373985559521,9194.28027085336,3509.50179333695576425634416,2217.8699,846.57179922095459861291,2215821.54527566,845789.9321942064307949539501,,0.09619932663418546,0.11675737762898429
2018-02-16,145,492177628.3125742755,0,0,1145.7313634,69.70558594465626,0.00003458733806399394,0.3521843494186578,,-1.217817023168579,1397500000,154,154,1219744.91110981,429575.067975927023410118613,8321.0359013624,2930.538615410611641262999387,2534.5709,892.63620347196197693802,1281439.52880981,451302.946773234333628241673,,0.09721572480176259,0.11572573961327585
2018-02-17,179,555903340.9642466975,0,0,918.48590422,69.82180398567631,0.00003599250081591821,0.397784143802681,,15.368905751546839,1397500000,158,158,1521525.79978213,605238.8375400240192595098905,9750.65046697551,3878.654147525064914820299342,1890,751.81203178706709,1540602.77378213,612827.3553089600258268038905,,0.0983486098437772,0.11231916516451347
2018-02-18,162,516519399.65608560825,0,0,1073.62565695,69.93065190958025,0.00003540440949642919,0.3696024326698287,,-2.2712086184155322,1397500000,154,154,1301664.12375754,481098.2266598277501904321334,8530.56898543857,3152.919049075887992378876273,2242.9107,828.98525098118835839709,1313707.62375754,485549.5335576868321388821334,,0.09504915358736366,0.11254452061933973
2018-02-19,177,533331954.72718811,0,0,615.51452411,70.00777599458337,0.00003424507924789768,0.381632883525716,,-13.096651460115098,1397500000,155,155,2270458.20244539,866481.5107238480401161506492,14947.8305835186,5704.583688042089305168864318,3492,1332.662029271800272,2316913.74044539,884210.4716465265137313586492,,0.08826620828328058,0.1122112945119244
2018-02-20,262,508916692.19665723475,0,0,618.03263203,70.12549505829372,0.00003239330438475691,0.3641622126630821,,0.4546533232384116,1397500000,221,221,2261207.46312017,823446.313060115722197434876,10346.8465200008,3767.930522808802288629422466,3864.889,1407.4465299372067143869,2286653.08092017,832712.645540742829484056256,,0.08829486092464293,0.11232409322283768
2018-02-21,248,481228914.11768811625,0,0,329.7276787,70.20507959405116,0.000032934433300629806,0.3443498491003135,,-0.6006855202203594,1397500000,216,216,4238346.03608461,1459473.817960647329814663525,19741.5644851139,6798.004751453079641778573208,3997,1376.3663468539530595,4264177.92878461,1468369.026313867819683024975,,0.08891574645180808,0.11176405317124227
2018-02-22,215,452442996.312438131325,0,0,552.68736351,70.36727032025016,0.000032797144712094,0.32375169682464267,,-7.583036120081147,1397500000,185,185,2528554.28269031,818623.7395342050601834320215,13829.9690956233,4477.475961740412193149083426,5120.50934,1657.7735874314311338975378,2558544.28269031,828333.0529219760938567320215,,0.08714782029237846,0.11114287766286281
2018-02-23,228,483104510.80350083625,0,0,1109.41006804,71.16259854948106,0.00003399861615761701,0.3456919576411455,,-11.290455922456715,1397500000,207,207,1259678.49062965,435460.7234242070664390422641,6158.82353927367,2129.055766057883338371576789,1089.4018,376.5974408997876617619,1274876.47262965,440714.5435739819582074232641,,0.0851054822662139,0.11120416148011726
2018-02-24,244,465483445.453828269,0,0,772.31138531,72.59406569492326,0.000034445847952959354,0.3330829663354764,,-23.875826127073072,1397500000,244,244,1809503.29955466,602714.72660949828464427894,7736.35727982869,2576.848831396397326445261538,1540.21988854,513.021009283800033055800456,1887671.1762782,628751.1148607208277427759345,,0.08509364645135024,0.11123508609986305
2018-02-25,208,440633526.10741657375,0,0,334.52262367,73.2387664622984,0.00003288205727644652,0.3153012709176505,,-29.361301174650894,1397500000,186,186,4177594.88033593,1317200.975148988786368806332,25530.9409727738,8049.938136439095311862363957,4235.139,1335.3447092129074209195,4748755.02093593,1497288.493377672736970466632,,0.08537140294057556,0.11073200130588229
2018-02-26,362,486459472.165927414375,0,0,296.96177303,74.64190507790062,0.00003374293288566175,0.34809264555701425,,-19.164061736724324,1397500000,340,340,4705992.91531526,1638121.523864654976492343062,14456.271855339,5032.121915016359306952761581,213.061,74.16496715502301311925,4915132.43081526,1710921.451105562164363938937,,0.087749722926338,0.11150254311244764
2018-02-27,261,474340194.901068690675,0,0,483.72514648,75.42874186655662,0.000031848782262130964,0.33942053302402053,,-19.825776944903712,1397500000,251,251,2889037.31831911,980598.5865101591878614337313,12388.2721770649,4204.833945586011597069052742,2720,923.2238498253358416,3109456.31644328,1055413.320342085550601055301,,0.08779010864986415,0.11100807805504137
2018-02-28,248,473659346.4403891636,0,0,343.77801714,76.29087277366423,0.000032870509928308274,0.33893334271226416,,-18.434201580615582,1397500000,226,226,4065123.2200243,1377805.801500078895817703219,18732.1961032049,6348.965841600885590180311406,4051.77499995,1373.281644651037449748386792,4233476.3193243,1434866.280201797635274014307,,0.08575962309986984,0.11064639426962664
2018-03-01,311,488694530.8505168935,0,0,523.57625681,78.10304106824178,0.00003198672113870989,0.3496919719860586,,-6.565483127533361,1397500000,296,296,2669143.1893989,933377.9454140592427701141755,9050.54767289416,3164.903863288192452356633358,2733.54919999,955.900210265415977463259414,2678962.11117667,936811.5435333044903164815729,,0.08580504938912129,0.1103454988993765
2018-03-02,541,525759571.5649167241,0,0,152.8325251,78.17458302976979,0.00003413027507069912,0.37621436247936796,,-2.24847688993956,1397500000,615,615,9143996.0117023,3440102.630056464042810467678,15141.3701872914,5696.400932075942297373496344,4999.99999999,1881.07181239307765637520632,9311942.6651842,3503286.573226700374526712978,,0.08477525128883333,0.11076748989235446
2018-03-03,331,555858610.11466502925,0,0,277.17166101,78.55383880723474,0.000034786757600003967,0.3977521360391163,,14.42323588124964,1397500000,341,341,5042001.7504111,2005466.966138978356179205711,15330.350541968,6097.679674296196234552782878,4649.0559999,1849.17195452569465560888837,5227649.5348111,2079308.768935007689008131431,,0.08485023520523828,0.11045863758815624
2018-03-04,218,590790905.2654284325,0,0,479.40409984,78.9242495444112,0.00003682311992549768,0.422748411638947,,26.983637510137243,1397500000,242,242,2915077.28128336,1232344.290467320364385119022,12150.6476817494,5136.667007844012434514133882,4026,1701.985105258400622,2940456.73898336,1243073.415898253207444160922,,0.08484737836395642,0.10955608561103762
2018-03-05,445,644614818.818054051825,0,0,211.56794497,79.09822999119906,0.000039953928839183697,0.46126283994136247,,30.34400747019711,1397500000,490,490,6605442.99461907,3046845.394768770084598534444,13803.6031156674,6367.089174556184227612959362,4928.41295,2273.2937537207880377919865,6763765.52667703,3119873.695532532116581709853,,0.08144776662592189,0.10922181822836224
2018-03-06,420,569062993.44760021975,0,0,101.75266756,79.68421748730307,0.000038140690343717145,0.4072007108748481,,32.04088569641764,1397500000,470,470,13734283.6652655,5592610.071852925907923558671,29959.3583705649,12199.47202584835812878679869,3522,1434.1609037012150082,14080898.4341655,5733751.852148727098927662761,,0.07460188061897259,0.10966387077351435
2018-03-07,344,519933052.55076749525,0,0,266.70388608,81.53686225504237,0.00003759395715056426,0.3720451181043059,,48.414360079991134,1397500000,352,352,5239893.65341111,1949476.853137339345884313899,15205.8601931566,5657.266051440510972200173004,4041,1503.4343222595001419,5352462.78799111,1991357.650107054951218901921,,0.07258880553725182,0.11002562846187469
2018-03-08,527,487986857.980419785,0,0,132.39633444,83.61285817629091,0.00003740874654273543,0.349185587105846,,19.89368878050543,1397500000,584,584,10555428.1841538,3685803.387637338602860543115,18265.7536253659,6378.137903604126839513779051,1660,579.64807459570436,10667200.11721367,3724832.535704804626980888115,,0.07250479771627946,0.1102650754290365
2018-03-09,472,506882034.7067179326,0,0,114.59017808,85.70995633587508,0.00003912083591115528,0.36270628601554056,,32.99911126981123,1397500000,538,538,12195635.1179285,4423433.51922454524783927493,22992.9129228951,8339.674050942008831451626675,3881.43499995,1407.820873242594359202822972,12370187.15251756,4486744.639406799373037088292,,0.07149599226083667,0.11018911111474637
2018-03-10,247,479870571.488451659425,0,0,395.8160849,87.67202409222045,0.00003911352055587451,0.34337786868583303,,16.41988051612311,1397500000,258,258,3530680.1651056,1212357.430105305998456073918,15763.4372779287,5412.815495657966413548392445,5066.19165,1739.6180911309637698801995,4066966.8177056,1396506.397879753755157289296,,0.06525100369383974,0.11023855982068667
2018-03-11,247,513776549.51535886675,0,0,196.08896627,91.25445309065177,0.00003866742742525911,0.3676397492059813,,5.322214101256235,1397500000,261,261,7126867.08789354,2620119.628817543332012985631,27663.3958941705,10170.16392871861543190040201,4419,1624.6000517412313647,7220146.3283785,2654412.785395558443906130322,,0.06644004131827844,0.11022223327675511
2018-03-12,341,496752687.075831177875,0,0,213.13875392,93.20817431240829,0.000038861633224178855,0.35545809450864485,,0.2656532511163725,1397500000,383,383,6556761.61319456,2330653.989173566575997744992,19908.560601865,7076.659015948812566361532645,2376.7778,844.84490785844898756433,7624978.71051431,2710360.403108400544787884633,,0.06675645329509594,0.10532255876968617
2018-03-13,257,513457215.6023860381,0,0,90.25208666,93.6579543241894,0.00004010551104044973,0.36741124551154636,,3.7133070558678836,1397500000,297,297,15484406.5292815,5689145.08893043666728168474,52387.0008608984,19247.57323491713256421744285,5122,1881.88039951014045592,15558939.25568683,5716529.250770390282111057186,,0.06645827961050774,0.10499419705513698
2018-03-14,270,476946845.093188275,0,0,153.68553299,95.7104974404054,0.000041552180134081586,0.34128575677509,,-8.078439575873988,1397500000,382,382,9093243.66987111,3103394.54741225843498955865,25017.1478633247,8537.996240889096050357541723,5100.5,1740.728002431346545,9556550.48379002,3261514.564019629435435926602,,0.0674684037514558,0.1036649674474187
2018-03-15,298,494476095.86640112575,0,0,309.37100126,98.17037600323815,0.00004281396504318791,0.3538290489205017,,-0.8247497602004331,1397500000,369,369,4517230.10337993,1598327.231233980203659041311,12552.5131901179,4441.44380362146929553515015,3829.5815,1355.01717990854828103855,4631877.36715349,1638892.763536316827233831706,,0.06610802731720226,0.10288339939366066
2018-03-16,260,494518039.2042984405,0,0,214.51586542,100.587847175491,0.000042269753254142835,0.3538590620424318,,-8.325125918901897,1397500000,296,296,6514669.65980567,2305274.895335122648552482228,22236.3535712692,7868.535217973197768955780441,5173.5,1830.6898574765209173,6581960.65709567,2329086.42452006186867129205,,0.06609137420481587,0.08194525254649226
2018-03-17,207,461925161.48620582715,0,0,506.37189093,102.11004413243073,0.0000419956059798038,0.33053678818333154,,-13.405148384448914,1397500000,212,212,2759829.33697408,912225.1249775458049396770265,14369.9837977519,4749.808290755425906314104365,4400.677281715,1454.585734529430174519824791,3046436.5651234,1006959.357640149366635583212,,0.06561101052419588,0.08161480106943277
2018-03-18,310,453620117.751902874825,0,0,204.00297157,107.48245033225189,0.00003961155909730606,0.32459400196916127,,-7.834064033520863,1397500000,406,406,6850390.40969363,2223595.638133617615368128762,19493.7286897718,6327.547408714083192986473698,4313.89999995,1400.266065078535102554541936,7914453.84804734,2568984.247937914270737287055,,0.06116504482399396,0.0815349851256068
2018-03-19,220,482370805.3310811314,0,0,807.24984132,110.7758661866736,0.00004041247283695205,0.34516694478073784,,-13.227575769848606,1397500000,231,231,1731186.46602781,597548.3433245817788364257593,8662.20848126515,2989.908036532087018494233678,3074.99999999,1061.388355197317188552192622,2000970.15917225,690668.7564389122220805986529,,0.06106022862012577,0.08102040428535412
2018-03-20,254,481597940.480495594925,0,0,203.83606411,116.50054515344725,0.00003876206984927756,0.34461391089838683,,-6.760919183062969,1397500000,277,277,6855999.72750625,2362672.879214203223612703743,26292.0434234161,9060.60390965363332333613785,3179.9999999,1095.872236622408728310161317,7282896.02828625,2509787.28297405308780917447,,0.060702066455012894,0.07851513054392883
2018-03-21,240,490273659.8966652615,0,0,518.13947441,121.5285333414591,0.000039498740783964003,0.3508219391031594,,-8.073451149678101,1397500000,250,250,2697150.22502965,946219.4719974245444152736762,11121.1484669392,3901.542870225738542269167708,3284.0112,1152.10317722049342498528,2780287.11673479,975385.7175564311273479008955,,0.0602395972629927,0.07451790382497198
2018-03-22,217,488984106.18823271675,0,0,542.17293124,124.39069106072931,0.00004018626631772569,0.3498991815300413,,-3.9166697249384144,1397500000,236,236,2577590.87455348,901896.9373255660107163434587,11921.0228047701,4171.156122390015308058090005,3999.999999995,1399.596726118415704092349794,2813361.38192574,984392.8448840423530646557331,,0.05931856526178547,0.07428200747698464
2018-03-23,513,534512246.130451317625,0,0,356.91904138,130.14578083536867,0.00004361144191366671,0.38247745698064495,,11.072346330323022,1397500000,584,584,3915453.75278281,1497572.794289692038956371073,6912.17185953921,2643.749915049732800638995613,1044.4643291,399.484060501163439387053045,4036708.3659709,1543949.950389044475742514932,,0.06026573492629083,0.07516708757284915
2018-03-24,285,527133729.206040944,0,0,170.39815062,133.13454142832705,0.0000438448936249815,0.3771976595392064,,16.50831894898525,1397500000,340,340,8201380.09073884,3093541.375218134662134523257,25295.1920802869,9541.287250278888187287110316,4870.704549995,1837.218356565077527571423968,8600365.30729754,3244037.665094819720491660272,,0.05924655116268705,0.07389017600280766
2018-03-25,204,526404205.200132987,0,0,356.87370361,139.34581045728615,0.00004464538543552241,0.3766756387836372,,8.962800683565534,1397500000,236,236,3915951.17780913,1475043.411346790501289988768,16700.4583805472,6290.655828472163793162142276,5646.468799995,2126.887242109994022125441814,3941308.17780913,1484594.775519427189770388768,,0.05875078168395044,0.07226452696603423
2018-03-26,338,537385048.728619172575,0,0,184.1344635,144.28476732831035,0.00004707846110425754,0.38453312968058617,,15.446650998445202,1397500000,461,461,7589562.39616657,2918438.181104019970480558558,17100.918152801,6575.869577708117033427307362,5022,1931.12537725590374574,7883523.26844127,3031475.875323445413208155819,,0.05770167147197935,0.07226845086416102
2018-03-27,259,543437929.38282072225,0,0,386.86902453,151.96180982896547,0.00004964195690964156,0.3888643501844871,,23.33104432238386,1397500000,283,283,3612333.66177915,1404707.782037297969796516224,13003.5763659002,5056.627273600135531243466787,5084.6349999,1977.23328516141313069005129,3680012.11154976,1431025.518428839677480691728,,0.05493421807855216,0.07215346812934009
2018-03-28,463,626524453.325684719,0,0,193.87345024,154.5284852207057,0.00005649175478994368,0.4483180345800964,,28.792733860464796,1397500000,581,581,7208310.36044108,3231615.53343629124861129292,12797.5224499639,5737.36011226247572111583852,3949.082,1770.4446806356362515048,7435360.54342904,3333406.225224504715252589759,,0.06031330711850865,0.0745131187414714
2018-03-29,729,606936049.018045171425,0,0,130.01281181,155.79392239418485,0.00006104981279138665,0.43430128731166023,,27.95374618097281,1397500000,833,833,10748940.6665102,4668278.768702034979008322229,12983.260295457,5638.646659819341242990996575,4000,1737.20514924664092,10815055.82611571,4696992.667629523850148832185,,0.060772605090528294,0.07459220274696292
2018-03-30,1524,752949078.5768530345,0,0,104.97381069,155.0433207410197,0.00007879050753124409,0.5387828827025782,,58.964260757306306,1397500000,1623,1623,13312844.3259247,7172732.642892371384373789062,8577.87321196836,4621.611256601536614706468826,1228.3039,661.78911607681934311498,13921888.22302465,7500875.069464294852375157153,0.10579626269705888,0.07185924586770123,0.07834776531412355
2018-03-31,703,735500850.7733819335,0,0,117.85937928,154.97852678902004,0.00007602736887460487,0.5262975676374826,,50.503188462806584,1397500000,742,742,11857350.7562572,6240494.861642629175443206125,16112.4037627377,8479.918909121873812095712114,4118.9169,2167.77594577092015459594,11955403.5919514,6292099.830568444368090317546,0.10522905700635377,0.07130093708831925,0.07838726119879681
2018-04-01,439,679786869.276153741375,0,0,223.59827487,156.61882449422652,0.00007148869950678747,0.48643067568955545,,29.296147144364244,1397500000,509,509,6250048.22066838,3040215.179072023847881184072,12322.2618498789,5993.926157660224810168577335,4294,2088.7333214109511023,6272031.28158838,3050908.414249064108346252086,0.10543035498309618,0.07268876460047347,0.07790046984916982
2018-04-02,463,687745867.994421443675,0,0,128.47076463,157.84213933522517,0.00006993083795308479,0.49212584471872733,,23.72676351141707,1397500000,533,533,10877961.254224,5353325.871052572613147866742,20472.0380004202,10074.81899407067649134934922,4125.9277,2030.475654610895799594041,10911596.25422395,5369878.523839662400600180806,0.10351073206131196,0.0719533004108177,0.07763365560083804
2018-04-03,342,682275556.32350779275,0,0,308.13112728,161.09102659040778,0.00006583054012073924,0.4882114893191469,,15.485114994615131,1397500000,365,365,4535406.76762925,2214237.692692414152581145487,12508.6874809065,6106.884944481130267378618665,2379.228,1161.5664453098152405932,4565670.93053087,2229013.004735611327064472515,0.10348674267475817,0.07023185391661567,0.07731855435430615
2018-04-04,256,651248415.295094333925,0,0,401.28899648,163.70302716163775,0.00006874355973854981,0.46600959949559523,,1.0290791156808092,1397500000,303,303,3482527.58553727,1622891.285368585451990417999,11716.0005293639,5459.768714379052741106323774,3206.19,1494.1153178067824704737,3549948.16039727,1654309.920456856848434891917,0.10355398300681727,0.06660642916255119,0.0752963041430277
2018-04-05,216,675521514.367377480075,0,0,551.56386863,166.47683813246957,0.00007110000000000002,0.48337854337558317,,18.70768652075072,1397500000,226,226,2533704.76111473,1224738.516771418109261953027,11478.256073959,5548.34270152224146406627567,4163.4104,2012.503254626754076042968,2594085.87271473,1253925.450544024637364804799,0.1021167313216159,0.06427359420603664,0.06983063963763864
2018-04-06,198,680767801.63654615275,0,0,186.51075865,168.18832680004294,0.00007372753258754578,0.4871325950887629,,30.933742007116262,1397500000,204,204,7492865.3450707,3650018.940194949006804476037,36795.5560542681,17924.31470844966064120889393,3080.9001,1500.80686092222912748629,7506293.4350707,3656560.200523734473014337037,0.10211564530558295,0.06274961960656254,0.06736574848545412
2018-04-07,320,741220929.625847931,0,0,262.04410478,170.1914893738124,0.00007704154166942138,0.5303906473172436,,51.89362531062035,1397500000,331,331,5333071.70253175,2828611.352495089286511551484,19976.3491562893,10595.26876003955486737528017,3095.65,1641.90380736762515034,6612171.57073175,3507033.959573088258858845004,0.1017102007491829,0.06405570363548108,0.06735296437534849
2018-04-08,312,718941565.1353518765,0,0,219.7129456,171.64774342651788,0.00007335056573764328,0.5144483471451534,,41.836071493702015,1397500000,315,315,6360571.95524713,3272185.72927470265024287876,20409.5450315782,10499.6567074799826450220831,1986,1021.6944174302746524,6429006.68494713,3307391.86285619298983691474,0.10077202720375879,0.06329201390888424,0.06697340622569693
2018-04-09,334,700132642.4257280115,0,0,165.96200273,175.14180561677406,0.00007437660309621084,0.5009893684620594,,45.90030812976768,1397500000,394,394,8420602.1682194,4218632.162326485276825355032,22896.8540101,11471.08043028797124259439994,4328.29549995,2168.43002903712415332959703,9021360.4799794,4519605.689533460669582193576,0.10079517371803622,0.0628317228495513,0.06372281942839786
2018-04-10,455,826759109.362465019,0,0,186.15314678,175.56341915026715,0.00008675311840288792,0.5915986471287764,,60.91803141703139,1397500000,527,527,7507259.60929958,4441284.628506138012019266434,14944.7235819203,8841.278252777570843708901321,5501.7729078,3254.84140906423425528401592,7875869.32767201,4659353.639213786874658491829,0.10138766129066663,0.06850305056471537,0.06704086743117384
2018-04-11,729,908972982.01046591475,0,0,116.33232082,176.2328303476154,0.0000936268536732172,0.6504278941040901,,82.98300254019718,1397500000,887,887,12012998.5385523,7813589.341306084517033962762,14275.2272136248,9285.005974415376598360126794,4588,2984.1631781495653788,12662126.53848519,8235800.299306434099493437276,0.10062156660453156,0.06994594123918392,0.0679570822832523
2018-04-12,1086,1158456113.13762631275,0,0,71.17676818,175.12063550783773,0.00010486999430938861,0.8289489181664589,,125.61882040717454,1397500000,1214,1214,19634215.4290278,16275761.63893979050459939566,16550.7512661433,13719.72735691163841788522096,4328.3386,3587.97159992812528218354,20092612.03709792,16655749.01129069074187263896,0.10209826827176273,0.07893467482250908,0.07425418167853857
2018-04-13,1633,1333959846.274683914,0,0,70.61876392,173.92478159541656,0.00012056325293389063,0.9545329848119384,,179.68731945675165,1397500000,1777,1781,19789357.9910268,18889594.95068679629223271435,12101.8789396652,11551.64262611135954022225902,3815.196,3641.7304255225681359264,21553446.39154365,20573475.51710426337838732471,0.10252106901080792,0.08155868356518131,0.07572898865065253
2018-04-14,1030,1242868290.748082973,0,0,81.24542002,171.7669373299028,0.00011112085799661849,0.8893511919485388,,151.35053061976217,1397500000,1130,1130,17200969.6002607,15297702.81666243451896146407,15596.5074925888,13870.77252876816545447198925,4363.5425,3880.721723493106866699,17624053.46662539,15673972.95750806787370817748,0.10267768348594794,0.08365051374940038,0.07611644864792101
2018-04-15,494,1260655900.49112571,0,0,240.37441963,172.89787468618937,0.00010816427491093733,0.902079356344276,,154.9261706447711,1397500000,498,498,5813846.59045356,5244550.990200711001482349823,11786.7562788224,10632.58951738696433502226058,2910.85,2625.8176944147357946,5869804.62685356,5295029.579658712568821996223,0.10264949680423001,0.081505927355876,0.07604256886203083
2018-04-16,506,1170205025.86060762,0,0,175.37502802,178.63882303378261,0.00010403914204019105,0.837356011349272,,153.3321679415709,1397500000,493,493,7968637.35825827,6672586.394199944782354552479,16347.6964422342,13688.8418876179142715482235,2522,2111.811860622863984,8059414.34602145,6748599.050595622859899553884,0.10276023056781754,0.08345524383218009,0.07591633699185119
2018-04-17,467,1199445113.005284132,0,0,235.07971486,184.13627630382538,0.00010883760958050905,0.8582791506298992,,164.41620776204047,1397500000,482,482,5944791.96480238,5102290.99822203632717244732,12750.8318895942,10943.7731640255426275198749,3040.2985,2609.4248142413565929112,6145900.97078438,5274898.665060290604453304334,0.10275536967343775,0.08328160976763266,0.07459615744660604
2018-04-18,759,1316764752.0563435315,0,0,126.49070453,187.87551212512386,0.00011538739300147161,0.9422288029025714,,172.97770460062688,1397500000,893,892,11048242.6767699,10409972.47151000396697175612,12516.5248710165,11793.43024571813869320118183,4719.245,4446.608566953945566593,11164740.18494669,10519739.77918055333192897292,0.10266102054504142,0.08380146010621556,0.07442133988108725
2018-04-19,490,1304586640.316317046,0,0,272.1245527,190.52064723329366,0.00011283697981818454,0.9335145905662376,,170.88708872274591,1397500000,504,504,5135516.02063331,4794079.135347858191277855934,10231.5452333201,9551.296759342753107465613456,3479.58110384,3248.239729493214678843712384,5156698.79759331,4813853.56670872852246502163,0.1026307568456408,0.08414705277547677,0.07446097583243243
2018-04-20,640,1327993848.1330442025,0,0,103.7102909,189.092411124619,0.00010748374735706207,0.950263934263359,,170.86787579266337,1397500000,634,634,13475036.930994,12804841.60839041722150564885,21293.7179622934,20234.65220594328221506722753,2581.805,2453.396176800811582995,13500217.18809399,12828769.49856801659759590511,0.10260943713895841,0.08391688749877681,0.07400685287431162
2018-04-21,601,1230762870.41118614125,0,0,6.71480028,147.14265660905056,0.00009940123532218775,0.8806889949275035,,151.69792940824306,1397500000,581,581,208122347.971032,183291061.4565603193931580786,358246.067367801,315503.3690068793720270652148,2144.48,1888.61993584213270568,208140965.14069227,183307457.3929968173912464528,0.10252298838975896,0.08566272272089423,0.0743900755512212
2018-04-22,2386,1255147431.04727624375,0,0,104.72909482,146.6118173480149,0.00010210732015342237,0.8981376966349025,,134.82108036509777,1397500000,2398,2398,13343951.8635372,11984706.19072431561633062712,5615.49696880389,5043.489513021802704673451771,1406.65356495,1263.368592787467220220667375,13465961.73119172,12094287.85222627550311507101,0.10251840292900723,0.08529188972028383,0.0736774856597854
2018-04-23,2083,1613871612.341708096,0,0,48.69162362,143.50754841955523,0.00012930667690739438,1.1548276295826176,,206.1598078295031,1397500000,1968,1968,28701035.1304574,33144748.36627355313272737729,14663.9959986538,16934.38773933435720098548019,2285.03174,2638.817787825244168282624,28858744.12535068,33326875.07101001681926363234,0.10404265579734252,0.09440729996463228,0.07951657163219218