date,BlkCnt,CapMrktCurUSD,DiffMean,FeeMeanNtv,FeeMeanUSD,FeeMedNtv,FeeMedUSD,FeeTotNtv,FeeTotUSD,IssContNtv,IssContPctAnn,IssContUSD,IssTotNtv,IssTotUSD,PriceBTC,PriceUSD,ROI1yr,ROI30d,SplyCur,TxCnt,TxTfr,VtyDayRet180d,VtyDayRet30d,VtyDayRet60d
2019-01-15,267,,821027088.082397,,,,,,,16020,36500,,16020,,,,,,16020,1,0,,,
2019-01-16,1434,,558404416.776848,0.00784313725490196,,0.008,,2,,86040,30770.7231040564,,86040,,,,,,102060,255,529,,,
2019-01-17,1414,,562668929.072136,0.0082516900676027,,0.008,,15.868,,84840,16568.5393258427,,84840,,,,,,186900,1923,4313,,,
2019-01-18,1440,,538482262.833333,0.00805512172714745,,0.008,,17.536,,86400,11538.9681668496,,86400,,,,,,273300,2177,4837,,,
2019-01-19,1437,,471133463.979123,0.00865062623599209,,0.008,,13.123,,86220,8753.42122830441,,86220,,,,,,359520,1517,3711,,,
2019-01-20,1386,,370786993.81746,0.00830275643922277,,0.008,,18.374,,83160,6856.73624288425,,83160,,,,,,442680,2213,5046,,,
2019-01-21,1444,,317302081.448061,0.00860205655526992,,0.008,,16.731,,86640,5974.38222625255,,86640,,,,,,529320,1945,4664,,,
2019-01-22,1455,,367386949.859794,0.00821286173633441,,0.008,,25.542,,87300,5167.60727838863,,87300,,,,,,616620,3110,6882,,,
2019-01-23,1445,,448605819.678201,0.0119070216049383,,0.008,,30.863,,86700,4499.44548711824,,86700,,,,,,703320,2592,8337,,,
2019-01-24,1463,,596089957.473684,0.00831367200818275,,0.008,,24.384,,87780,4050.01896094046,,87780,,,,,,791100,2933,6682,,,
2019-01-25,1454,,808825526.310867,0.0161449775629962,,0.008,,46.772,,87240,3625.31593688093,,87240,,,,,,878340,2897,12661,,,
2019-01-26,1469,,969019926.381892,0.0104987297554779,,0.008,,66.121,,88140,3328.68760864167,,88140,,,,,,966480,6298,18281,,,
2019-01-27,1476,,1449011605.50271,0.0123610626333139,,0.008,,63.746,,88560,3063.80800727935,,88560,,,,,,1055040,5157,17786,,,
2019-01-28,1424,,1665413722.09691,0.0132986057319907,,0.008,,68.674,,85440,2734.42760942761,,85440,,,,,,1140480,5164,19109,,,
2019-01-29,1440,9758151.8949292299936,1736355256.53819,0.0147201006174251,0.1170782617154698649995604148,0.008,0.06362905513125476,64.371,511.983238481750019495,86400,2570.42253521127,687193.795417551408,86400,687193.795417551408,0.0023353645236703683,7.953631891406845,,,1226880,4373,18134,,,
2019-01-30,1428,8770608.84883606111548,1664629319.01541,0.0187109654350417,0.1250278532142091896006965679,0.008,0.053456505447894564,94.191,629.3902130803296097155,85680,2382.61108063631,572519.17334695078044,85680,572519.17334695078044,0.001928877114063342,6.6820631809868205,,,1312560,5034,27180,,,
2019-01-31,1459,8006027.130099535641,1803570991.63125,0.0118997083239847,0.06804470229418811727780290893,0.008,0.04574545892493128,53.037,303.27523812519753717,87540,2282.12984786801,500569.6842860605314,87540,500569.6842860605314,0.001674560945260454,5.71818236561641,,,1400100,4457,15147,,,
2019-02-01,1442,9230888.06111478122766,2183078499.17545,0.00991470713980334,0.06156351439255501160439099071,0.008,0.049674499528405544,46.381,287.994120328372192033,86520,2124.26847479517,537229.71239970595836,86520,537229.71239970595836,0.0017892777323202805,6.209312441050693,,,1486620,4678,12933,,,
2019-02-02,1447,9544442.143910762352,2671314323.2329,0.00936003482803657,0.05677770419029944833482942599,0.008,0.0485277717302764,43,260.83677305023565,86820,2014.01388041489,526647.642702824631,86820,526647.642702824631,0.0017292821286270118,6.06597146628455,,,1573440,4594,11923,,,
2019-02-03,1448,9475871.3897297577984,2937151336.12569,0.0224005436125525,0.1278456383905391173991049888,0.008,0.04565804851946496,90.655,517.3912985665119936,86880,1909.94507082972,495846.4069213894656,86880,495846.4069213894656,0.00165641443160085,5.70725606493312,,,1660320,4047,26412,,,
2019-02-04,1440,9278732.63573199500688,3117499758.24097,0.0142648072704481,0.07577593017926961633222098045,0.008,0.042496714462453032,45.519,241.800993202049945451,86400,1805.44105523495,458964.5161944927456,86400,458964.5161944927456,0.0015541296336740958,5.312089307806629,,,1746720,3191,13091,,,
2019-02-05,1417,9352159.46076344565144,3043712302.53282,0.0200127918781726,0.1021776130344599820582400459,0.008,0.040844921051081248,98.563,503.224744194715130828,85020,1694.1432736087,434079.39847036596312,85020,434079.39847036596312,0.0014880000000000004,5.105615131385156,,,1831740,4925,28331,,,
2019-02-06,1429,8384242.43285101750944,2787705700.38348,0.0145263781861292,0.06351705174697302431282600942,0.008,0.034980255054972224,73.518,321.459798891430995504,85740,1632.09525001565,374900.88355166481072,85740,374900.88355166481072,0.0012941575499388072,4.372531881871528,,,1917480,5061,21020,,,
2019-02-07,1426,7768350.341435132508384,2662908752.29243,0.00951276010993326,0.03689314903745833781478761034,0.008,0.0310262414786929168,48.458,187.9337011968126702868,85560,1559.10016774503,331825.652614620745176,85560,331825.652614620745176,0.001149648278111633,3.8782801848366146,,,2003040,5094,13424,,,
2019-02-08,1442,8710514.54521294309692,2494936826.81345,0.00966622749231445,0.04029451902273313465821605241,0.008,0.033348703249346056,44.02,183.50123962952667314,86520,1511.31338655028,360666.22564167759564,86520,360666.22564167759564,0.0011506170660432495,4.168587906168257,,,2089560,4554,12294,,,
2019-02-09,1434,11219121.8045469303216,2472153926.3152,0.00968857262452909,0.04996197664404798354139410335,0.008,0.041254354861360288,46.292,238.718324405261306512,86040,1443.49145063431,443690.58653392989744,86040,443690.58653392989744,0.00141849177801643,5.156794357670036,,,2175600,4778,12951,,,
2019-02-10,1433,13405091.09880265304454,2396456691.709,0.0104141479099678,0.06172790767937619220760261962,0.008,0.047418498921294504,48.582,287.960689324291199166,85980,1387.64492080758,509630.31715661268174,85980,509630.31715661268174,0.0016185608066533444,5.927312365161813,,,2261580,4665,13724,,,
2019-02-11,1425,12224809.29644946110436,2497515672.59439,0.00939719529799959,0.04894546433847016369817566296,0.008,0.041668146962010536,45.567,237.336556577241761739,85500,1329.63086047344,445328.3206564876035,85500,445328.3206564876035,0.0014468136021189902,5.208518370251317,,,2347080,4849,12891,,,
2019-02-12,1454,12104752.88948310427392,2493048034.06671,0.0087824493731919,0.04367107834092630775907610009,0.008,0.039780317754389248,45.537,226.434541197702898272,87240,1308.06960465346,433804.36511161474944,87240,433804.36511161474944,0.00138,4.972539719298656,,,2434320,5185,12441,,,
2019-02-13,1439,12545198.39158389943644,2788063313.50938,0.00814749310400779,0.04054966452589378948025311819,0.008,0.039815598745039472,50.213,249.907582473083375942,86340,1250.23208207374,429709.84945583850156,86340,429709.84945583850156,0.0013854139399825576,4.976949843129934,,,2520660,6163,13673,,,
2019-02-14,1427,13421149.85840412414,2846806335.44499,0.00821679536679537,0.04231273768497680347150713794,0.008,0.041196340710604,42.563,219.1799812081797565,85620,1199.07684515862,440903.83645523931,85620,440903.83645523931,0.0014406413822457167,5.1495425888255,,,2606280,5180,11634,,,
2019-02-15,1453,13821858.29061241381254,3154512364.70062,0.00811814003784807,0.04165934566931861664227887418,0.008,0.041053093910768792,30.029,154.097919630809506871,87180,1181.40607248669,447376.09089260291082,87180,447376.09089260291082,0.0014359403346000308,5.131636738846099,,,2693460,3699,8070,,,
2019-02-16,1436,14261799.3116222720934,3320646405.92827,0.0077126574685063,0.03957244982232158534179631024,0.008,0.04104675980636856,25.714,131.93454770762014398,86160,1131.39206078529,442073.6031145893912,86160,442073.6031145893912,0.0014223817358657088,5.13084497579607,,,2779620,3334,6763,,,
2019-02-17,1451,14192795.34143970876972,3468384395.94073,0.00806962197443568,0.03995231179132314166863810057,0.008,0.039607616731381832,29.672,146.904650456695214888,87060,1108.49135585416,431029.88907926278674,87060,431029.88907926278674,0.0013571565656184871,4.950952091422729,,,2866680,3677,8176,,,
2019-02-18,1407,14594521.6010177893908,3393027542.30135,0.0080575785161584,0.03984836288366054547481414588,0.008,0.039563611130813024,35.405,175.09370651080438934,84420,1044.12930771577,417495.00645790443576,84420,417495.00645790443576,0.0012646729918867282,4.945451391351628,,,2951100,4394,9803,,,
2019-02-19,1463,14999369.9713114542792,3622815112.75393,0.00838209266007288,0.04137251518396491653869751009,0.008,0.03948657392542372,32.204,158.95320333679318486,87780,1054.32593587111,433266.4323967117677,87780,433266.4323967117677,0.0012595075732329908,4.935821740677965,,,3038880,3842,8842,,,
2019-02-20,1453,15167401.76702560593168,4224816793.44116,0.00798579461379106,0.03874645890875993734096411005,0.008,0.038815382345893824,26.984,130.924284652699868352,87180,1017.91712251204,422990.62911437794704,87180,422990.62911437794704,0.0012227725412039744,4.851922793236728,,,3126060,3379,7278,,,
2019-02-21,1445,14881052.3372492188812,5203151376.30035,0.0082223532881156,0.03808478368001389751909651237,0.008,0.03705487453093096,27.882,129.14550145892712834,86700,984.994210585291,401582.202728964279,86700,401582.202728964279,0.0011791306052212254,4.63185931636637,,,3212760,3391,7509,,,
2019-02-22,1438,15108619.30554695003424,5689983389.19819,0.00823116646415553,0.03769628757078146001864532011,0.008,0.036637614107248048,27.097,124.096178683012544582,86280,954.586788884039,395136.66814667019768,86280,395136.66814667019768,0.0011482627389922007,4.579701763406006,,,3299040,3292,7336,,,
2019-02-23,1445,14620690.47518743367844,5746252135.79931,0.00833241852487135,0.03598200457266709003048358284,0.008,0.034546516803268848,24.289,104.887543329324631134,86700,934.670116429496,374397.8758554261402,86700,374397.8758554261402,0.0010474133354763297,4.318314600408606,,,3385740,2915,6619,,,
2019-02-24,1422,13986324.83127468504678,5340707954.19902,0.00808795962509012,0.03258970762209383806005725942,0.008,0.032235282204916504,22.436,90.403848943688335468,85320,897.184145477174,343789.28471543451516,85320,343789.28471543451516,0.0010705058421384885,4.029410275614563,,,3471060,2774,6065,,,
2019-02-25,1426,13404126.838422280937814,5120434454.02314,0.00811313394018206,0.03057663635454703028746308385,0.008,0.0301502591526163176,24.956,94.0537334265866027532,85560,878.064004588626,322457.021637231516732,85560,322457.021637231516732,0.000985617964932788,3.7687823940770397,,,3556620,3076,6824,,,
2019-02-26,1420,13801904.42962447617774,4636337536.85563,0.00815971873430437,0.03092400452067518672083919403,0.008,0.030318696541014056,32.492,123.139386001328588444,85200,853.913702489415,322894.1181617996964,85200,322894.1181617996964,0.0009971973244717349,3.789837067626757,,,3641820,3982,8954,,,
2019-02-27,1435,13515452.72050376999148,3868319752.10732,0.00796419342930971,0.02887392426628848510642385689,0.008,0.029003739823824052,21.575,78.2194608373754902375,86100,843.00360522758,312152.74985390635965,86100,312152.74985390635965,0.0009492079158386911,3.6254674779780065,,,3727920,2709,5829,,0.08408791196444221,
2019-02-28,1409,12797631.608370641970024,3440193956.55287,0.00788900597119775,0.02648174464141920432822320325,0.008,0.0268543284039609952,22.46,75.393526994120494024,84540,809.375049180844,283783.115408857816776,84540,283783.115408857816776,0.0008821147181930128,3.3567910504951244,,-57.79549397902331,3812460,2847,6065,,0.0798447288931202,
2019-03-01,1453,12866332.674636560581824,3295384260.81005,0.00785884759631776,0.02592920054504830963188099855,0.008,0.0263949137348812928,23.05,76.05034519862672488,87180,815.990706834477,287638.572425868888288,87180,287638.572425868888288,0.0008605214728229106,3.2993642168601616,,-50.623570482718705,3899640,2933,6217,,0.0756995526169486,
2019-03-02,1438,13972161.95380269883008,3584497209.25869,0.00789283047050037,0.02766736552859563773761466185,0.008,0.028043035392185892,21.137,74.0932048855791499005,86280,790.086103082852,302444.13670472484522,86280,302444.13670472484522,0.0009185457322302884,3.5053794240232365,,-38.69766300037612,3985920,2678,5540,,0.07475828721089924,
2019-03-03,1432,15119534.65383270300336,4140471589.42109,0.00796697247706422,0.02958291987236822760858813085,0.008,0.029705557495054232,21.71,80.61345665220342209,85920,770.187433690911,319037.68749688245168,85920,319037.68749688245168,0.0009787594921694509,3.713194686881779,,-40.199583735981875,4071840,2725,5795,,0.07611644729296708,
2019-03-04,1426,13714180.43222979513762,4051794610.06522,0.00804891304347826,0.02655126900504852061142199928,0.008,0.0263899176066383704,22.215,73.2815024539339248045,85560,751.176215904171,282240.168802997371428,85560,282240.168802997371428,0.000888836077375467,3.2987397008297963,,-45.61893805197377,4157400,2760,6011,,0.07802453271293974,
2019-03-05,1439,14097312.49114674079938,4092033817.49826,0.00773011152416357,0.0256787168270319261859833973,0.008,0.026575261427225496,20.794,69.075748264715870478,86340,742.60204442308,286813.50895333116558,86340,286813.50895333116558,0.0008636393238272614,3.321907678403187,,-41.79501251373914,4243740,2690,5521,,0.07748804993483907,
2019-03-06,1451,14044852.89778497662232,4085920021.21709,0.00775205377147125,0.02514003299067907603682547543,0.008,0.0259441265314214032,20.76,67.325008349038541304,87060,733.742033804378,282336.956978193420324,87060,282336.956978193420324,0.0008393420098496601,3.2430158164276754,,-38.95027684000436,4330800,2678,5524,,0.07737342643852012,
2019-03-07,1417,13721566.42896321863304,3865935376.60127,0.00764088598402324,0.02374302498876966862520032078,0.008,0.024858923468734176,21.043,65.388290819071658196,85020,702.752829599033,264188.20916397245544,85020,264188.20916397245544,0.0008037075088205419,3.107365433591772,,-39.1382751416137,4415820,2754,5533,,0.07282723097367659,
2019-03-08,1427,14170035.142852652096064,3718224150.91871,0.00802318977756744,0.02525611384488225493529595322,0.008,0.0251831149904966448,16.953,53.3661685542362024118,85620,694.251172957987,269522.288185790340972,85620,269522.288185790340972,0.0008168328924605496,3.1478893738120806,,-28.007629015509362,4501440,2113,4594,,0.06989993658535013,
2019-03-09,1444,14639590.484478886445064,3695266401.40305,0.00779201404124616,0.02486266469049213556468993257,0.008,0.0255263037862964664,17.758,56.6620128296315812914,86640,689.255636344615,276449.870005590731112,86640,276449.870005590731112,0.0008140801332554061,3.1907879732870583,,-17.726728827832723,4588080,2279,4742,,0.06835252400061352,
2019-03-10,1438,14838511.587470148997452,3861499620.56676,0.00797141041931385,0.02530482587465852917436799551,0.008,0.0253955820047581256,12.547,39.8297959267125252379,86280,673.722178009396,273891.351921316384596,86280,273891.351921316384596,0.0008113431116306254,3.1744477505947657,,-23.848367311685163,4674360,1574,3391,,0.053430043983019634,
2019-03-11,1420,14339252.962431429314256,3770011395.50634,0.00772254512083206,0.02326591701783389569736557882,0.008,0.0241018127094629408,25.245,76.056282731298992562,85200,653.379724176184,256684.30535578031952,85200,256684.30535578031952,0.0007788101127995323,3.0127265886828676,,-41.57753092865061,4759560,3269,6768,,0.04456178999921758,
2019-03-12,1439,13783083.64245115137033,3811223947.96873,0.00756738683127572,0.02152374701299173058926504418,0.008,0.0227542188529703896,29.422,83.6843283865118503514,86340,650.325017024701,245574.906970682929758,86340,245574.906970682929758,0.000731086011396844,2.8442773566212987,,-52.0140464784894,4845900,3888,8037,,0.04025367616659255,
2019-03-13,1453,13332512.74446919124388,3699837726.0468,0.00781708834508503,0.02112705044018903841875108774,0.008,0.021621401225148088,18.847,50.937318611295751817,87180,645.04731324041,235619.21985105128898,87180,235619.21985105128898,0.0006981661249283255,2.702675153143511,,-48.11048054318173,4933080,2411,5092,,0.04036937859897028,
2019-03-14,1426,13271740.771881034838472,3850955439.3899,0.00784354628422425,0.02074217577201691501392128503,0.008,0.0211559159802353384,18.048,47.7277464514109234304,85560,622.268184209268,226262.521408616944188,85560,226262.521408616944188,0.0006852353191714379,2.6444894975294173,,-46.818132246062675,5018640,2301,4881,,0.04014884189392541,
2019-03-15,1433,13670642.703738564560052,4047697447.88555,0.00759905882352941,0.02035097971272347188609622213,0.008,0.0214247371263499568,16.148,43.2458318895373878008,85980,614.790131292829,230262.362265446160708,85980,230262.362265446160708,0.0006830274015195793,2.6780921407937446,,-46.190091819178754,5104620,2125,4312,,0.03926983498566558,
2019-03-16,1445,13855247.10591494038356,3978899020.06713,0.0077546749777382,0.02069665095633060576046668731,0.008,0.021351405200858264,17.417,46.484678047918548011,86700,609.584845472828,231395.8538643014361,86700,231395.8538643014361,0.0006672034436002336,2.668925650107283,,-48.17159768910645,5191320,2246,4683,,0.03927078268525852,
2019-03-17,1432,14072096.895874570765692,4125914712.93994,0.00760932077342588,0.02029073895358941680800071885,0.008,0.0213325100179253864,15.348,40.9264204693898538084,85920,594.265184073493,229111.157592518649936,85920,229111.157592518649936,0.0006687968784789572,2.6665637522406733,,-48.036778752186635,5277240,2017,4125,,0.039256129541092574,
2019-03-18,1430,13946241.242368651586928,4005633564.5035,0.00781297709923664,0.02031714539646465845710130625,0.008,0.0208034864440595656,16.376,42.5847367509899307832,85800,583.941197529759,223117.39211253884106,85800,223117.39211253884106,0.000654528366452367,2.6004358055074457,,-49.31759159018485,5363040,2096,4469,,0.03917891260676447,
2019-03-19,1425,13743483.269307086009262,3934466519.34947,0.00794354148845167,0.02003691439276984913668707228,0.008,0.0201793262331664424,18.572,46.8463058502958960316,85500,572.768117697585,215666.54911696635315,85500,215666.54911696635315,0.0006283817434248976,2.5224157791458053,,-49.05190491510186,5448540,2338,5061,,0.03899325684938923,
2019-03-20,1432,13592823.87036579877476,3647553789.52654,0.00776560332871012,0.01907258852612233598751797636,0.008,0.019648274802406448,16.797,41.254008982002638382,85920,566.646068451123,211022.47137784525152,85920,211022.47137784525152,0.0006093387258912915,2.456034350300806,,-50.33750903717701,5534460,2163,4617,,0.03878137715672845,
2019-03-21,1425,13084743.3865191952056,3345682371.13684,0.00762209889001009,0.01774624873530324482755518909,0.008,0.01862610180359888,15.107,35.17306499337103502,85500,555.297546601755,199066.46302596303,85500,199066.46302596303,0.000585538826858851,2.32826272544986,,-52.829278532047255,5619960,1982,4088,,0.0391336564981328,
2019-03-22,1430,13967404.27990941217968,3085621621.00769,0.00773795039775386,0.01894210087758931369182089692,0.008,0.019583584700245944,16.536,40.479269575408366248,85800,548.866408681753,210033.9459101377494,85800,210033.9459101377494,0.0006144621297486851,2.447948087530743,,-49.546845820732614,5705760,2137,4527,,0.04132022694021779,
2019-03-23,1430,14287490.783403873216768,2995724206.45734,0.00742757660167131,0.01832346245906199767859496436,0.008,0.0197356025435687424,26.665,65.781230228032564512,85800,540.735138719102,211664.33727977476224,85800,211664.33727977476224,0.0006195602910578608,2.4669503179460928,,-46.73952403456456,5791560,3590,7383,,0.04164615534041524,
2019-03-24,1435,15735320.6543195014809,2740412953.60279,0.00778696629213483,0.02084680153855768035473883828,0.008,0.02141712267034092,17.326,46.38413342329084749,86100,534.677065362746,230501.7827395441515,86100,230501.7827395441515,0.0006742293780543063,2.677140333792615,,-41.54334775281136,5877660,2225,4749,,0.04516250050874906,
2019-03-25,1440,14976984.422732384469768,3076829773.28125,0.0078130081300813,0.01962007442227427381853154832,0.008,0.0200896495645347424,18.259,45.8521139248549826852,86400,528.767316224183,216968.21529697521792,86400,216968.21529697521792,0.0006425416406761985,2.5112061955668428,,-41.84753942361615,5964060,2337,4967,,0.04495315640145622,
2019-03-26,1455,14687660.692931178836688,3376574855.92509,0.00782424242424242,0.01899074223092163564414042358,0.008,0.0194173352012521864,18.074,43.8686145534290021242,87300,526.56758150234,211891.67038366448409,87300,211891.67038366448409,0.0006195287083576856,2.4271669001565233,,-39.76371890334911,6051360,2310,4929,,0.044038429695769044,
2019-03-27,1422,15466105.69639841210076,3404263788.60549,0.0076908856405847,0.01938312739399736980667420635,0.008,0.020162179805886456,17.889,45.085154318437851423,85320,507.46983711062,215029.64762977905324,85320,215029.64762977905324,0.0006258424436026228,2.520272475735807,,-33.12767328523323,6136680,2326,4821,,0.04497079620307733,
2019-03-28,1436,15927946.171213441251744,3203781276.62953,0.00771261974177426,0.01974117799686614544569171698,0.008,0.0204767548851822528,18.518,47.3985683704756196688,86160,505.370538210849,220534.650113412862656,86160,220534.650113412862656,0.0006381536448500896,2.5595943606477816,,-32.46162526320343,6222840,2401,5008,,0.044904570048008796,
2019-03-29,1415,19257983.67159798578046,3222320751.31449,0.00831351582549187,0.02538176145828678453020068789,0.008,0.024424575104995432,19.437,59.342558289474526473,84900,491.277383024665,259205.8033017640221,84900,259205.8033017640221,0.0007465707236810476,3.053071888124429,,-15.788187132568442,6307740,2338,5405,,0.05525321699404022,0.07137176788802824
2019-03-30,1447,20902771.62624552885312,2536801221.80995,0.0082127417519909,0.02684611064204532893483530769,0.008,0.026150692621535216,21.657,70.793193763073521614,86820,495.566544062453,283800.39167521093164,86820,283800.39167521093164,0.0007988571902486151,3.268836577691902,,-2.620195045808675,6394560,2637,5973,,0.05674317685642119,0.0690624863487503
2019-03-31,1435,22690578.358188633546222,2705110479.01603,0.00810829163688349,0.02838936570314603891683515843,0.008,0.0280102068100330936,22.687,79.4334452374025993129,86100,484.927461091926,301459.85079298116987,86100,301459.85079298116987,0.0008551548779772833,3.5012758512541367,,6.119713409092016,6480660,2798,6302,,0.057073626456605,0.06716904722631492
2019-04-01,1455,21718635.341804247453264,3295802890.24192,0.00826390820584145,0.02732672075055485199989645303,0.008,0.0264540409403275872,23.767,78.5916488785957206228,87300,485.150640381488,288679.72176132479532,87300,288679.72176132479532,0.0007990384903565164,3.3067551175409484,,-5.666271249299474,6567960,2876,6610,,0.05691285114030704,0.06637205006706118
2019-04-02,1428,23908671.96411535430778,3531074283.82563,0.00769535398230088,0.02765188588660950909581502822,0.008,0.028746577168726116,34.783,124.9865242074750616035,85680,470.016412069183,307875.84147705670236,85680,307875.84147705670236,0.0007327748199883111,3.5933221460907645,,-3.228285907402278,6653640,4520,9698,,0.05470869378382796,0.06745982829125619
2019-04-03,1440,23198221.898365311436176,3722601456.84931,0.00808134847929645,0.02781480751757201960861843843,0.008,0.0275348180703560352,22.054,75.9066097154540000376,86400,467.890398276568,297376.03515984518016,86400,297376.03515984518016,0.0006938899853886617,3.4418522587945044,,4.338401054460533,6740040,2729,6059,,0.05536240336169093,0.06726161910915994
2019-04-04,1433,22173997.89465827510145,3716761150.19749,0.00810821806346623,0.02633915667822982945089914402,0.008,0.02598761550028658,19.93,64.741647115088942425,85980,459.751070169733,279301.89758933001855,85980,279301.89758933001855,0.0006614281304714768,3.2484519375358225,,-2.2112517257756528,6826020,2458,5460,,0.056261478711167254,0.06706026548850116
2019-04-05,1426,24061439.917585801237806,3435763877.19004,0.00782685512367491,0.02724780792553257469709667912,0.008,0.0278505811031177256,19.935,69.4001667863314824795,85560,451.841691769465,297861.964897844075292,85560,297861.964897844075292,0.0006916683246495183,3.4813226378897157,,7.3483089491850135,6911580,2547,5373,,0.057056459396172286,0.06767906804802831
2019-04-06,1428,22697955.24396521166576,3341674054.90686,0.00781116053376466,0.02533811409020354628031917325,0.008,0.025950678115679808,19.317,62.661156145073356392,85680,446.934943106302,277931.76261893074368,85680,277931.76261893074368,0.0006430621114904,3.243834764459976,,4.391801794308447,6997260,2473,5173,,0.058673099532769314,0.0653384282705405
2019-04-07,1433,22646349.89154538473666,3051538192.62805,0.00774124203821656,0.02475009681905345105358974427,0.008,0.025577391014897572,19.446,62.172243209462273139,85980,443.055720263608,274893.00993261165507,85980,274893.00993261165507,0.0006161312194128401,3.1971738768621965,,1.5656364375483935,7083240,2512,5184,,0.05869064581298405,0.06355952186342406
2019-04-08,1435,21917965.78752256675281,3155043092.6216,0.00779219242902208,0.02382213803071109976685185732,0.008,0.024457443265374572,19.761,60.4129420458833646615,86100,438.34578915214,263223.23314359383115,86100,263223.23314359383115,0.000578636310929281,3.0571804081718215,,-4.187290607642543,7169340,2536,5310,,0.05927485140495554,0.06298680411574874
2019-04-09,1436,22078191.39938718345375,3001746911.81337,0.00779897785349233,0.02373197240286478912542272646,0.008,0.02434367461857866,18.312,55.72267120192655274,86160,433.442216249742,262181.3756420921682,86160,262181.3756420921682,0.000585682551724138,3.0429593273223325,,-4.142088123762548,7255500,2348,4957,,0.05846590242847838,0.05598394363513043
2019-04-10,1449,22553877.000115297791612,3086246648.97447,0.00789027951606174,0.02423668340521485230650619123,0.008,0.0245737133706128184,18.913,58.0953301223000292999,86940,432.187392746825,267054.830055134803962,86940,267054.830055134803962,0.0005782875751022795,3.0717141713266023,,1.9579467604301743,7342440,2397,5064,,0.057411024232679866,0.05250162425755615
2019-04-11,1421,21318702.62960818700901,3194935474.62632,0.00782468051118211,0.02245810102583329717023060642,0.008,0.0229612963685751304,19.593,56.2350849686865662409,85260,418.970879276223,244710.016048089452238,85260,244710.016048089452238,0.0005682739744005215,2.8701620460718913,,0.910062072193301,7427700,2504,5266,,0.05805362405923505,0.050696975537233534
2019-04-12,1433,21669790.64255373557208,3132191179.40684,0.00793303370786517,0.02287922557385462591197572741,0.008,0.023072359368569048,17.651,50.906276901826533281,85980,417.674162327914,247970.18231369584338,85980,247970.18231369584338,0.000567405773232028,2.884044921071131,,6.710749818255706,7513680,2225,4756,,0.05787339193640328,0.050503311807459504
2019-04-13,1440,21319102.78330956517392,3177436710.72153,0.00777597544936431,0.02181250984798706172754166308,0.008,0.022440924604277392,17.737,49.754334963258512738,86400,414.943000599994,242361.9857261958336,86400,242361.9857261958336,0.0005527549302944712,2.805115575534674,,6.073991904876901,7600080,2281,4738,,0.05811843000421853,0.05054196833706757
2019-04-14,1435,22972517.32966118957196,3344416812.87805,0.00772584373555247,0.02309106462524081634521861511,0.008,0.023910465099345776,16.711,49.945972784395907842,86100,408.870206006104,257336.3806317089142,86100,257336.3806317089142,0.0005795853621498397,2.988808137418222,,11.602139892482784,7686180,2163,4481,,0.059227420277232094,0.05112144032739855
2019-04-15,1437,22576802.50625173643304,3268064575.42798,0.0075391165513571,0.02189917470171413248028975121,0.008,0.0232379213692056368,28.332,82.2970985290417627272,86220,404.898100972673,250446.697556613750612,86220,250446.697556613750612,0.0005760061618936294,2.9047401711507046,,8.835559770424577,7772400,3758,7789,,0.05952896431665419,0.051176943237266306
2019-04-16,1430,22786420.7843669343282,3212534726.45245,0.00773359073359073,0.02242509132239944732154134276,0.008,0.023197598212686808,22.033,63.889085177516055083,85800,398.526380087043,248794.2408310660158,85800,248794.2408310660158,0.0005569958526952711,2.899699776585851,,8.742938328374006,7858200,2849,5978,,0.05929321749792985,0.05117229779160241
2019-04-17,1424,22708876.092053629350216,3205200601.15169,0.00779308836395451,0.02227848669268344297824544804,0.008,0.0228699952082960752,17.815,50.928620579474322461,85440,392.585766726589,244251.548824602083136,85440,244251.548824602083136,0.0005469875131502046,2.8587494010370094,,9.933473265615058,7943640,2286,4835,,0.05903463680367114,0.05106030688223895
2019-04-18,1451,23887778.8621747101957,3133396565.1723,0.00775829827021973,0.02307750425564415109497756366,0.008,0.023796459947127608,16.595,49.362781602822831845,87060,395.692778960738,258964.97537461619406,87060,258964.97537461619406,0.0005635230036924966,2.974557493390951,,17.92494790047102,8030700,2139,4422,,0.05907720414949218,0.05144841050915806
2019-04-19,1414,23314610.62050180456324,3319541804.90735,0.00765664160401002,0.02199627106245893490444232437,0.008,0.022982683218124048,18.33,52.65907292352672498,84840,381.571651424304,243731.35552820552904,84840,243731.35552820552904,0.0005430740820230015,2.872835402265506,,16.970489517528605,8115540,2394,4933,,0.0584995816672227,0.05155263026867065
2019-04-20,1443,23771366.855626070863764,3068407050.09771,0.00770627336933943,0.02233430519820597269624639697,0.008,0.0231855830986389576,18.549,53.7586726120817530653,86580,385.286974587058,250925.973085020118626,86580,250925.973085020118626,0.0005453918836937463,2.8981978873298697,,24.478988374041368,8202120,2407,4969,,0.057918157343585734,0.051594039316576835
2019-04-21,1436,23114546.15278078922652,3143079167.81685,0.0076399814900509,0.02130655633716192890652593292,0.008,0.022310584249355272,16.51,46.04346824460694259,86160,379.432162040858,240284.99236555627944,86160,240284.99236555627944,0.0005266169187609586,2.788823031169409,,13.924925343596989,8288280,2161,4464,,0.05849628870259114,0.051504258188704286
2019-04-22,1419,23054066.5664695083093,3090113133.48132,0.007616459155785,0.02096996882734456707598509578,0.008,0.02202595027261932,25.081,69.054107348445645615,85140,371.127926223694,234411.1757763511131,85140,234411.1757763511131,0.000511394144784429,2.753243784077415,,11.605157349487333,8373420,3293,6828,,0.056625797809060185,0.051506018636981454
2019-04-23,1443,22905736.330866346278,3050893408.31185,0.0077776111944028,0.02105814554408806301698888891,0.008,0.0216602707620485544,15.563,42.1373492337202065159,86580,373.542553191489,234418.280322270479994,86580,234418.280322270479994,0.0004882959210987726,2.7075338452560693,,1.1352976562269674,8460000,2001,4146,,0.055355746757827964,0.05108950558947105
2019-04-24,1435,21168067.0475010484488,3079242433.66202,0.00777777777777778,0.01926498888154406772650475981,0.008,0.019815417135302464,16.73,41.43899108420127784,86100,367.72913960754,213263.4269186927688,86100,213263.4269186927688,0.0004559924319152975,2.476927141912808,,-1.365043368981378,8546100,2151,4525,,0.05755316731839963,0.051561480582629514
2019-04-25,1439,20778031.11764306058444,2944938548.00695,0.0076931321953156,0.0185171446481422643564529878,0.008,0.019255766497206408,19.379,46.644687368670372579,86340,365.065960493209,207817.85992110015834,86340,207817.85992110015834,0.00046940800116890703,2.406970812150801,,-0.8320848477465534,8632440,2519,5251,,0.05734961111796682,0.05104986178161533
2019-04-26,1447,20120682.12319105213944,2963906723.25639,0.00749408887077049,0.01729346068034636162826483736,0.008,0.018460908034113952,18.383,42.420859048889597452,86820,363.440246075928,200347.00444022166408,86820,200347.00444022166408,0.000448065966101695,2.307613504264244,,-8.43793572000488,8719260,2453,4994,,0.057734416763376276,0.05121542227214255
2019-04-27,1417,19726508.7714433900866,2987906326.61538,0.00761597821152973,0.0170640485074149119985979217,0.008,0.01792447198084876,16.778,37.59209886183506191,85020,352.468344941324,190492.3259764701969,85020,190492.3259764701969,0.0004323894478148635,2.240558997606095,,-12.46429387197685,8804280,2203,4505,,0.04636359217468132,0.05107207612792048
2019-04-28,1442,19930931.0499326462244,3147905071.53606,0.00763288807001382,0.01711100978936641417384975166,0.008,0.017933982138779544,16.571,37.148002252714477953,86520,355.196382777703,193956.01683090076836,86520,193956.01683090076836,0.00043540330508474567,2.241747767347443,,-26.57402611228394,8890800,2171,4459,,0.04388355707126739,0.05026125461835137
2019-04-29,1432,19915479.55498191258984,3007196225.85754,0.00761318206374932,0.01689037552011810397991056987,0.008,0.017748558096927976,14.092,31.264085087738629724,85920,349.357003448921,190619.51396100646224,85920,190619.51396100646224,0.00043089060549386324,2.218569762115997,,-32.12968255260682,8976720,1851,3803,,0.0409868512702672,0.05024467970316906
2019-04-30,1437,19424503.960756045646196,2970492892.8984,0.00764453125,0.01638444340840261157734375,0.008,0.0171463158407810672,17.613,37.7497576129596170742,86220,347.241623579104,184794.418974017951748,86220,184794.418974017951748,0.00040695744359727626,2.1432894800976334,,-38.785472177808565,9062940,2304,4828,,0.04038075059316079,0.04956938662811062
2019-05-01,1438,20369843.79440684500944,2998107896.9235,0.00739540675152186,0.01646515007012641999055355439,0.008,0.017811217825700416,26.727,59.505052353436877304,86280,344.20639136451,192093.98425017898656,86280,192093.98425017898656,0.00041887653565166576,2.226402228212552,,-32.67108845156321,9149220,3614,7344,,0.03721532018984932,0.04918492523929769
2019-05-02,1445,20487244.356464776613544,2946764563.56332,0.00751745171128431,0.01667531444046786430671829436,0.008,0.0177457096696071656,22.184,49.2088529138206702088,86700,342.635059636723,192319.12854436765719,86700,192319.12854436765719,0.00041130363354763294,2.2182137087008957,,-38.26844300297073,9235920,2951,6090,,0.03692892858323479,0.04699281522717066
2019-05-03,1430,21247810.139883074594316,2970389392.20769,0.00766802721088435,0.01747840380577058988093188772,0.008,0.0182350983637209224,16.908,38.5398803917241694924,85800,335.957312598962,195571.42995090689274,85800,195571.42995090689274,0.0004028303149492275,2.2793872954651153,,-33.77440040777746,9321720,2205,4551,,0.03679455399452746,0.04716786259384525
2019-05-04,1418,20837591.81332478897832,3012612747.57052,0.00771543560606061,0.01709094461677543357630353633,0.008,0.0177213010276181392,16.295,36.096075030629697283,85080,330.125015945911,188466.036428718910392,85080,188466.036428718910392,0.00038359704587960264,2.2151626284522674,,-31.808668527427166,9406800,2112,4438,,0.03338694857041228,0.04720089109616171
2019-05-05,1439,19954140.52608099663696,2789858536.27102,0.00766193042626164,0.01610502282982031614411789272,0.008,0.016815629413307712,15.638,32.870351595663250032,86340,331.967083599315,181482.68044312348176,86340,181482.68044312348176,0.0003669386563413209,2.101953676663464,,-39.62198005475265,9493140,2041,4196,,0.03247352950778123,0.04734656714041831
2019-05-06,1427,19778438.93907985904916,2918790766.8206,0.00761748860339826,0.01572876167807202588912350465,0.008,0.016518579807056328,18.381,37.953501929187795621,85620,326.256216879847,176790.10038502035042,85620,176790.10038502035042,0.00036277855360037785,2.064822475882041,,-36.34624986128767,9578760,2413,4939,,0.032477697578649344,0.04729662455570727
2019-05-07,1455,19743272.812269722892,2838125225.94983,0.00764333185644661,0.0156117783291783232998143844,0.008,0.0163402857522256,17.251,35.2357836889554782,87300,329.653447216343,178313.36827116186,87300,178313.36827116186,0.00035060507394799544,2.0425357190282,,-36.11433729613709,9666060,2257,4654,,0.0319769145899389,0.04721925402643285
2019-05-08,1425,20025640.1931403641642,2885629244.47719,0.00745609386828161,0.01531170941392839970658733814,0.008,0.01642866593089956,19.699,40.453536271598804055,85500,320.025718961889,175581.3671364890475,85500,175581.3671364890475,0.0003461989674943802,2.053583241362445,,-32.82754148648763,9751560,2642,5432,,0.03213488965469131,0.0472484666592795
2019-05-09,1428,20740161.491188892602584,2879978598.91527,0.00755063016079965,0.01591923028158571884781715627,0.008,0.0168666508013946128,17.374,36.6301488779287503484,85680,317.906241994706,180641.830082936303088,85680,180641.830082936303088,0.00034281027711611356,2.1083313501743266,,-30.71444198271413,9837240,2301,4696,,0.03271448159473199,0.04706821290306432
2019-05-10,1440,21934990.451285527542,2720432028.08542,0.0075202419730107,0.01662257355862831989336822734,0.008,0.0176830199009924,16.161,35.72191057749227205,86400,317.786618619781,190976.61493071792,86400,190976.61493071792,0.0003476822933956751,2.21037748762405,,-28.04091252183666,9923640,2149,4317,,0.03280131369759797,0.04706924284398467
2019-05-11,1420,21100123.694027877641268,2516155600.32676,0.0076484593837535,0.01612409021084831858760677046,0.008,0.0168651901271499016,16.383,34.5378012316371047391,85200,310.705336482549,179614.27485414645204,85200,179614.27485414645204,0.0002877986237281836,2.1081487658937377,,-26.549486333743637,10008840,2142,4447,,0.033440316957599504,0.04700802998082772
2019-05-12,1434,18893678.802839469451824,2657718332.79986,0.00751448598130841,0.0140641874395021095514550865,0.008,0.0149728803534777784,16.081,30.0973611205345193063,86040,311.094336931197,161033.328201653506692,86040,161033.328201653506692,0.00026958254785514947,1.8716100441847223,,-35.104684725589905,10094880,2140,4289,,0.038934543588293805,0.04928392714492007
2019-05-13,1430,19267872.8825392586289,2641296485.72098,0.00756677374942634,0.01432081498827992703629070359,0.008,0.01514073549707034,16.488,31.20505585946197074,85800,307.612065205861,162384.3882060793965,85800,162384.3882060793965,0.00024267403674299579,1.8925919371337925,,-32.53069664436013,10180680,2179,4428,,0.03634793598305507,0.04927474152824691
2019-05-14,1441,19647008.992572536336424,2546504131.2526,0.00765431496830814,0.01464715539228379033076255005,0.008,0.0153086518680548128,15.699,30.0413157095740632684,86460,307.367971996096,165448.255064002389336,86460,165448.255064002389336,0.00024053392105400663,1.9135814835068516,,-35.97509791445387,10267140,2051,4251,,0.03659290124445644,0.04932309005352606
2019-05-15,1438,24656501.17388847661272,2519459967.30946,0.00758564593301435,0.01806509229337462106286525454,0.008,0.019051869758119328,15.854,37.756042893152978264,86280,304.171954774364,205474.41534131695248,86280,205474.41534131695248,0.00028988725014611347,2.381483719764916,,-18.013881468045458,10353420,2090,4272,,0.05669797486365778,0.05732686218654924
2019-05-16,1384,23037869.728318074102582,2244213460.63512,0.00776607142857143,0.0171431445022777500879514326,0.008,0.0176595280225808936,17.396,38.4006436851021531332,83040,290.420314934374,183305.900874389675568,83040,183305.900874389675568,0.00028077091057860894,2.2074410028226117,,-23.873463706588105,10436460,2240,4727,,0.058125173483906556,0.058057603868373435
2019-05-17,1441,22253024.415770724283608,1806280677.43234,0.00763234663234663,0.01614027246802551202740634137,0.008,0.0169177562241436592,17.791,37.6229751229674801034,86460,299.896796706618,182838.650392432596804,86460,182838.650392432596804,0.00028862323202805373,2.1147195280179574,,-26.026411155491825,10522920,2331,4818,,0.05767978253934193,0.0581824512921528
2019-05-18,1450,23423990.65177174007616,2017060819.81034,0.00758795900939368,0.01675227342921197460134422472,0.008,0.017661954587232884,17.771,39.2338243712144476955,87000,299.295376402461,192073.7561361576135,87000,192073.7561361576135,0.00030334543775569856,2.2077443234041105,,-25.779067027300425,10609920,2342,4829,,0.05837684001120774,0.05840077201755281
2019-05-19,1430,25501913.876916156822324,2003169833.93916,0.00757225195553726,0.01805459728044686623419848978,0.008,0.0190744812892754536,18.393,43.8546167942054272581,85800,292.799362735749,204573.81182747923986,85800,204573.81182747923986,0.0002900711400531924,2.3843101611594317,,-17.004985413394213,10695720,2429,4956,,0.06045650880529054,0.05887829006059321
2019-05-20,1452,30151492.336219984423944,2182589998.72176,0.00758641509433962,0.02121349631232260355949644878,0.008,0.0223699821837066928,20.104,56.2157652276549190064,87120,294.901899685055,243609.105980565884592,87120,243609.105980565884592,0.0003503569653644894,2.7962477729633366,,-3.51770715216622,10782840,2650,5473,,0.06749908176246329,0.06209851471338776
2019-05-21,1434,29136151.01480217918168,2482987088.83891,0.00763701741105223,0.02047251350563179852006232565,0.008,0.021445559074938488,20.177,54.088380681879234047,86040,288.940534811315,230646.98785096343844,86040,230646.98785096343844,0.0003357664317677201,2.680694884367311,,-3.8771964227776032,10868880,2642,5513,,0.06791890197766222,0.062362296016110194
2019-05-22,1449,28293879.799409210744388,2596733347.43547,0.00748127824402841,0.01932072518373568035257079846,0.008,0.0206603465916082672,23.177,59.8556066192131011118,86940,289.646051139942,224526.316584302843796,86940,224526.316584302843796,0.0003367992033898305,2.5825433239510334,,-6.1999762285337034,10955820,3098,6249,,0.06819667815707334,0.06163938070612323
2019-05-23,1440,27430690.81818687987414,2611723516.88264,0.00766147859922179,0.01903237307945398960126433739,0.008,0.019873315922477096,17.721,44.021878932777077277,86400,285.594744535066,214631.8119627526368,86400,214631.8119627526368,0.00031455188603156045,2.484164490309637,,-8.249919214779258,11042220,2313,4701,,0.06651603423856252,0.06127947912833271
2019-05-24,1412,27782326.3412736575754,2573311375.99929,0.007560706401766,0.01887796758357822683508894106,0.008,0.01997481883879928,17.125,42.75859657680470875,84720,277.909290424861,211533.3315028843752,84720,211533.3315028843752,0.0003126106146070035,2.49685235484991,,0.804432742487317,11126940,2265,4563,,0.06628989706119973,0.06111829476565538
2019-05-25,1425,26647018.02528118251588,2147142614.01544,0.00773564266180492,0.01838420624290964408632536427,0.008,0.019012466885196216,16.972,40.334948496943772244,85500,278.329248584608,203195.7398355345585,85500,203195.7398355345585,0.00029480013763880775,2.376558360649527,,-1.2635155917864471,11212440,2194,4561,,0.06647216276893828,0.06125585268227839
2019-05-26,1423,27784742.10839955647466,1967229260.34926,0.00743084308430843,0.01827468119916002118522762422,0.008,0.019674409476093304,24.767,60.909512436800357521,85380,275.838170549717,209975.13513360578694,85380,209975.13513360578694,0.0002816576940385739,2.459301184511663,,6.573357278726041,11297820,3333,6585,,0.06648085850363243,0.06139121953609597
2019-05-27,1443,27312593.83501897885128,1955117082.55787,0.00762789735099338,0.01830027600601695218397244557,0.008,0.0191929966164358096,18.429,44.2134668305369418898,86580,277.587751660167,207716.205881376549396,86580,207716.205881376549396,0.0002721087235534775,2.3991245770544762,,7.077054414447424,11384400,2416,4983,,0.06668305715509598,0.05680724458024559
2019-05-28,1435,28056524.4629882369073,2053626660.10035,0.00757823129251701,0.01853614329320312597283638129,0.008,0.0195677778391444048,17.824,43.5970090256137338944,86100,273.976722897868,210598.20899379165666,86100,210598.20899379165666,0.00028052952468398274,2.4459722298930506,,9.110055355926905,11470500,2352,4855,,0.0667088590068035,0.056084930969981545
2019-05-29,1423,28130681.56921358104692,2012025015.48208,0.007545601291364,0.01836838970079366271487471548,0.008,0.019474540455050472,18.698,45.516869678566715682,85380,269.678293647909,207842.03300652616242,85380,207842.03300652616242,0.00028124554208065457,2.434317556881309,,9.724634241816185,11555880,2478,4991,,0.06633315502555155,0.0552315602315447
2019-05-30,1451,28185323.416265821867362,1996197082.83873,0.00747219983883965,0.01808876186673339272801429804,0.008,0.0193664647700775384,18.546,44.8963069532322533958,87060,272.928487134693,210755.552860368811638,87060,210755.552860368811638,0.00029266425702670633,2.4208080962596923,,12.94825634796738,11642940,2482,4998,,0.06603660947473156,0.05481705159802626
2019-05-31,1425,28107776.78058368972196,2137078305.72772,0.00742702838482793,0.01779923467944607085702741732,0.008,0.019172389017181272,29.567,70.858753258874833653,85500,266.083980478222,204904.9076211248445,85500,204904.9076211248445,0.0002800942489772063,2.396548627147659,,7.642212928959706,11728440,3981,8083,,0.06606995168002136,0.05355414261136804
2019-06-01,1432,28770072.9255357082872,2062651792.47696,0.00746733668341709,0.01818429613973483384930773634,0.008,0.01948142628160016,17.832,43.42409918168675664,85920,265.446615,209230.5182643857184,85920,209230.5182643857184,0.00028465612273524254,2.43517828520002,,9.781049303233745,11814360,2388,4744,,0.06595392205698444,0.05341757140968175
2019-06-02,1428,28403948.40868448993766,1984749598.76471,0.00767080231596361,0.018309272341592791305280402,0.008,0.019095027182217532,18.548,44.271820521971347942,85680,262.79927,204507.74112154976772,85680,204507.74112154976772,0.0002729622413793104,2.3868783977771915,,4.715789305570482,11900040,2418,4975,,0.06583006889189237,0.05300867370057727
2019-06-03,1437,27834910.34772769053018,1859488097.14057,0.00771691176470588,0.01792048121198048867930042075,0.008,0.018577878569447144,18.891,43.869338006928249663,86220,262.55326,200223.08628221659446,86220,200223.08628221659446,0.00028412098517053,2.322234821180893,,4.833604149571484,11986260,2448,5143,,0.06524470461915687,0.05215482197217869
2019-06-04,1440,25813651.6268979042069,1886853365.97222,0.00753333333333333,0.01610770470268889587269703421,0.008,0.01710552711789972,17.628,37.69202900429203302,86400,261.218455,184739.692873316976,86400,184739.692873316976,0.0002795042936879018,2.138190889737465,,1.7239777201713646,12072660,2340,4703,,0.06708017614870315,0.052428418044744636
2019-06-05,1430,27748074.7881002372742,1895657132.2958,0.00751527663088357,0.01715138742957737096020152952,0.008,0.01825762459265416,18.202,41.54066035443637754,85800,257.573565,195813.023756215866,85800,195813.023756215866,0.0002926447472238457,2.28220307408177,,10.52781053765262,12158460,2422,4935,,0.06807070299577321,0.05325339016426974
2019-06-06,1431,28428333.17020395012864,2002896245.36967,0.00762022471910112,0.01769230852725430633076208244,0.008,0.018574054366566016,16.955,39.36538647314085016,85860,255.946395,199346.03848916976672,85860,199346.03848916976672,0.0002985524473457248,2.321756795820752,,13.670315490267173,12244320,2225,4535,,0.06811558883016718,0.053080464814765665
2019-06-07,1447,29837630.597383592937264,2039645751.61368,0.00779361979166667,0.01885820356919212464742969845,0.008,0.0193575812762703808,11.971,28.9662006822790910696,86820,256.985915,210078.150800724307632,86820,210078.150800724307632,0.0003015594104493674,2.4196976595337976,,17.82807781039618,12331140,1536,3211,,0.06834594239181166,0.053416969722763843
2019-06-08,1470,39813284.45600468969727,2519343768.37211,0.00814603409933284,0.02611413913984578255979883054,0.008,0.025645990499337124,32.967,105.6839210989558708635,88200,259.216795,282747.0452551917921,88200,282747.0452551917921,0.00040375660987684734,3.2057488124171405,,52.051470095157214,12419340,4047,9147,,0.08526806570551065,0.06504613260213588
2019-06-09,1444,37080080.67192855310974,3253628012.67036,0.00748922891081136,0.02220547387597172230068424557,0.008,0.023719904027947304,37.199,110.294588741951470187,86640,252.867985,256886.56062266930232,86640,256886.56062266930232,0.00038838911011601765,2.964988003493413,,34.13944089163247,12505980,4967,10311,,0.08622771996294123,0.06524494364159404
2019-06-10,1408,39047653.319149029110958,3210071133.0206,0.00794661016949153,0.02464536474129852048261756873,0.008,0.0248109462683009384,18.754,58.1630607894644748442,84480,244.90916,262003.592593257909504,84480,262003.592593257909504,0.0003879958588544711,3.1013682835376173,,47.11335052404662,12590460,2360,5008,,0.08264824139294959,0.0654991260192681
2019-06-11,1422,41150294.946467882381232,2203863151.91913,0.00768699839486356,0.02495485494396878744669622574,0.008,0.0259709745334601152,19.156,62.1874985203702458464,85320,245.679675,276980.443399352128608,85320,276980.443399352128608,0.0004097669328807688,3.2463718166825144,,73.4534299369312,12675780,2492,5069,,0.0828035064286126,0.06563661120115107
2019-06-12,1439,50977157.977995449198124,2328702001.42877,0.00819072747832642,0.0327171354459411296095950036,0.008,0.0319552914268133816,21.73,86.798560338081847771,86340,246.934545,344877.482723883420918,86340,344877.482723883420918,0.0004903069844030531,3.9944114283516727,,111.05508007188011,12762120,2653,5917,,0.08988492891498306,0.07043996547609288
2019-06-13,1448,48790677.049535488947,2288796618.99586,0.00781128404669261,0.02966128393371996477187245813,0.008,0.030377882823276824,20.075,76.229499709660280225,86880,246.79913,329903.80746078630864,86880,329903.80746078630864,0.0004612338212797357,3.797235352909603,,98.4360418219947,12849000,2570,5411,,0.0828298793159726,0.07067913787104636
2019-06-14,1440,55950589.2549930772356,2518092276.02569,0.00770022539444027,0.03330644187386509891886344782,0.008,0.034603082551752912,20.498,88.661748268228898772,86400,243.796275,373713.2915589314496,86400,373713.2915589314496,0.0004972847694335223,4.325385318969114,,81.62565139836803,12935400,2662,5486,,0.0834961847697759,0.07254058833769032
2019-06-15,1447,59333599.8675929518809,3097064245.41672,0.00802321491382343,0.03655645683673779609647973573,0.008,0.03645068190682876,22.81,103.93000678684550195,86820,243.348055,395581.0253938591179,86820,395581.0253938591179,0.000514806121072302,4.556335238353595,,106.40801872065883,13022220,2843,6179,,0.08266865171337694,0.0727223291782642
2019-06-16,1432,65328067.38555948745287,3206162213.81006,0.00820606060606061,0.04089718909339636725124896051,0.008,0.039870228658259364,23.018,114.716615406976755069,85920,239.246915,428206.25578970556936,85920,428206.25578970556936,0.0005525549293347505,4.9837785822824205,,135.67090180292223,13108140,2805,6311,,0.08345218175404405,0.07338692233104933
2019-06-17,1465,83254007.3131306158762,3657820339.15495,0.00820535714285714,0.05176771694980288550103008432,0.008,0.05047211576389924,27.57,173.93952895133775585,87900,243.129785,554562.3719558428995,87900,554562.3719558428995,0.0006754419689691902,6.309014470487405,,185.76744161930696,13196040,3360,7563,,0.09159054992812883,0.07886905837796
2019-06-18,1430,73050297.05646500884056,3973056943.37622,0.00818056407112201,0.04499321144396465974094265548,0.008,0.044000106645744872,26.685,146.767855730212738665,85800,235.788175,471901.1437756137522,85800,471901.1437756137522,0.0006079288859860881,5.500013330718109,,130.6752460444822,13281840,3262,7225,,0.09357795407689831,0.08126861496023047
2019-06-19,1421,80544312.6568839086523,3875775351.2076,0.00804191063174114,0.04845704485503042336829134163,0.008,0.048204509673382504,26.096,157.243110554573728048,85260,232.809775,513739.56184407403638,85260,513739.56184407403638,0.0006489528893598402,6.025563709172813,,115.48747458767552,13367100,3245,7139,,0.09352197629622597,0.081665004503972
2019-06-20,1434,71710396.34241080881884,3536898084.21409,0.00802696002479083,0.04278677578635456933576875569,0.008,0.042643068513320048,25.903,138.072925462566150418,86040,233.436845,458626.20186075711624,86040,458626.20186075711624,0.0005583471273910268,5.330383564165006,,98.8433519700272,13453140,3227,7061,,0.0969255137459385,0.08349446243786568
2019-06-21,1445,62917817.85975107398656,3727561058.02353,0.00816079582517939,0.03792212207228843379793599476,0.008,0.037174925470168672,25.021,116.269226273636292764,86700,233.721545,402883.2547829529828,86700,402883.2547829529828,0.0004608391918446448,4.646865683771084,,79.93369716879884,13539840,3066,6779,,0.10088088071097044,0.08563565304504413
2019-06-22,1426,74654873.3400631845588,3574213843.37938,0.00805813575836311,0.04415129863326081968464265831,0.008,0.043832767237696176,24.811,135.941848491809977842,85560,229.199925,468791.44560716060232,85560,468791.44560716060232,0.0005127697256224993,5.479095904712022,,120.56091398476931,13625400,3079,6654,,0.10424832747032273,0.08698197418903042
2019-06-23,1438,87354101.7775653299136,3706151083.80807,0.00833621549717326,0.05310819804573840126298534973,0.008,0.05096624295640816,25.067,159.69635152353541834,86280,229.674425,549670.9302848620056,86280,549670.9302848620056,0.0005901915829858811,6.37078036955102,,155.15246655159066,13711680,3007,6844,,0.10562107866619687,0.0886060449166161
2019-06-24,1453,81796591.79696847725484,3799042679.54921,0.00800164690382082,0.04743199405569070918130947725,0.008,0.047422231573894352,24.293,144.003533953076936642,87180,230.603715,516783.76857651370092,87180,516783.76857651370092,0.0005386829778379089,5.927778946736794,,149.42703048608067,13798860,3036,6586,,0.10744183261547996,0.08903206779767259
2019-06-25,1399,78517017.6648979779528,3758305949.77127,0.00791325638335082,0.04475504157939486409196901067,0.008,0.045245637862620208,22.624,127.954663875489948224,83940,220.691045,474739.85527354253244,83940,474739.85527354253244,0.0004823108889953517,5.655704732827526,,129.9720249169304,13882800,2859,6103,,0.1079268002738236,0.0892151116248871
2019-06-26,1414,73862386.81745412547548,2882445138.81259,0.00793583248902398,0.04196553813119531869745206111,0.008,0.042304862850104456,23.498,124.259958406469313386,84840,221.70246,448643.07052535775588,84840,448643.07052535775588,0.0004110952709979435,5.288107856263057,,120.41822699993045,13967640,2961,6346,,0.10940617788528839,0.08984717869983679
2019-06-27,1447,68548798.30144336216506,2618681243.20249,0.00810532192035728,0.03953265208957432485147769182,0.008,0.039018958139376888,21.779,106.224236164686155469,86820,225.4751,423453.24320758767702,86820,423453.24320758767702,0.00043901516812940543,4.877369767422111,,99.40413500260271,14054460,2687,5944,,0.111084318558107,0.0906490969110037
2019-06-28,1431,72281946.37775793807216,2769349935.42418,0.00788418622547134,0.04030208128117165342358725648,0.008,0.040894093699581304,20.491,104.745109249765062533,85860,221.628,438895.86063075634518,85860,438895.86063075634518,0.0004136329255611114,5.111761712447663,,109.98746437159674,14140320,2599,5542,,0.11101370072581518,0.09052764966688638
2019-06-29,1429,70712583.21217438314066,2728865076.08747,0.00780531231757151,0.03879737585482453226763140485,0.008,0.039765097693767288,26.741,132.919809678628881051,85740,219.984405,426182.43453295090914,85740,426182.43453295090914,0.00041614960778909443,4.970637211720911,,105.32966737020058,14226060,3426,7152,,0.1112700039332759,0.09064263899875022
2019-06-30,1446,67382830.85862553753476,2764256275.79668,0.00804986149584488,0.03789766486337967705599436674,0.008,0.037662923649497744,23.248,109.448456125440444064,86760,221.25205,408454.40697880303368,86760,408454.40697880303368,0.00043420011807817065,4.707865456187218,,96.44356066292126,14312820,2888,6293,,0.11223847455714743,0.09104796375631523
2019-07-01,1436,64762248.78320865710586,2812368874.1915,0.00810851297040555,0.03646963425543187394893101761,0.008,0.035981575796734856,22.193,99.817388957117082401,86160,218.40724,387521.57133083439912,86160,387521.57133083439912,0.0004255333707842531,4.497696974591857,,84.69682494817526,14398980,2737,5905,,0.11268737415992638,0.09134238268479793
2019-07-02,1433,66431900.52269622698112,2863178728.78646,0.00808139117963428,0.03706342129563762715846924882,0.008,0.036690139577987776,22.539,103.369881993533310408,85980,216.657065,394327.27511442362256,85980,394327.27511442362256,0.0004259921934970986,4.586267447248472,,92.144997898489,14484960,2789,6085,,0.11229028589337776,0.09119281006235427
2019-07-03,1458,68762916.40380100656912,2932308601.30178,0.00809834834834835,0.03821364510585307226511374763,0.008,0.037749569133954784,21.574,101.801150561992563752,87480,219.113515,412791.53847979556304,87480,412791.53847979556304,0.0003948030717628113,4.718696141744348,,103.19633909135928,14572440,2664,5835,,0.11042306763309762,0.09080924780340913
2019-07-04,1432,63285853.75941133750116,3404619210.8324,0.0079917695473251,0.03450358422435615053426810305,0.008,0.034539118296677848,21.362,92.228080631704023622,85920,213.94475,370950.13050632008752,85920,370950.13050632008752,0.00038627411452449566,4.317389787084731,,101.91788337545655,14658360,2673,5756,,0.11222656576120336,0.09170145504969571
2019-07-05,1430,62766898.86547667432736,3766567071.24755,0.00775933756166314,0.03303203139385388428986806029,0.008,0.034056547875485168,22.021,93.744905095757360566,85800,212.402625,365256.4759645784268,85800,365256.4759645784268,0.0003870625575184545,4.257068484435646,,86.53329025719809,14744160,2838,5860,,0.11242419300037011,0.0917165409122355
2019-07-06,1445,64504581.49170101120868,3833067644.94118,0.00805050505050505,0.03501445358392254816699561182,0.008,0.034794789508741104,19.128,83.194341715399979664,86700,213.37608,377088.5313009817146,86700,377088.5313009817146,0.0003880497095265927,4.349348688592638,,87.33007248742099,14830860,2376,5164,,0.11235586905699727,0.09171906477226523
2019-07-07,1425,64968156.18242655622344,3798095912.46175,0.00737900388816886,0.03213922680045851122527070311,0.008,0.034843973292372432,39.854,173.583963949276363116,85500,209.21654,372394.964562230367,85500,372394.964562230367,0.00038018740028379096,4.355496661546554,,80.00168923524629,14916360,5401,11043,,0.10052640423668156,0.09171273083493474
2019-07-08,1443,66427476.05512320907398,3695394915.61608,0.00777357755261107,0.03441852975074986172341539556,0.008,0.035421044704636936,19.947,88.317947340424120299,86580,210.636755,383344.25631593323986,86580,383344.25631593323986,0.00035939660107418646,4.427630588079617,,38.11533114914188,15002940,2566,5407,,0.09907152794230677,0.09159780248705711
2019-07-09,1424,66393352.01009755926174,3468309908.76264,0.00795225464190981,0.03499228159114830950004250351,0.008,0.035202375343196584,17.988,79.152540959177519124,85440,206.68636,375961.36866533951712,85440,375961.36866533951712,0.0003498099429801926,4.400296917899573,,48.408590952646286,15088380,2262,4864,,0.09895260982334932,0.09129595191081706
2019-07-10,1425,70254516.66340122352416,3139402443.294035,0.007843558282208589,0.03631539171509080027245243754,0.008,0.037039711221336256,17.899,82.871723893837205768,85500,205.66582,395861.913678031236,85500,395861.913678031236,0.0003824272665108123,4.629963902667032,,49.287781371962744,15173880,2282,4814,,0.09902017295705064,0.08974340919896309
2019-07-11,1422,61501672.7625953820288,3050126774.7883263,0.0077421555252387446,0.03120448749543573991931401113,0.008,0.032243720647266112,17.025,68.6186680024631946,85320,204.08537,343879.28070309308448,85320,343879.28070309308448,0.00035684639002485043,4.030465080908264,,24.15291003317724,15259200,2199,4548,,0.09545272005550648,0.0919565839546975
2019-07-12,1437,61381171.745678547134268,2887998577.130132,0.007888423457730389,0.03155343255913415352892226007,0.008,0.0319997350326956432,20.715,82.859313900286281111,86220,205.079265,344877.144314877294588,86220,344877.144314877294588,0.00033859792343658685,3.9999668790869554,,0.1390805838339776,15345420,2626,5456,,0.09496591773487388,0.09199477182549941
2019-07-13,1424,56809949.33021403458871,2734243077.2598314,0.007676443629697525,0.02826144321440027988922497251,0.008,0.029452641955257988,16.75,61.666469093821412375,85440,202.09904,314554.21608215531184,85440,314554.21608215531184,0.00032445871887784925,3.6815802444072485,,-3.045771403495826,15430860,2182,4338,,0.09289717667771027,0.0886569601366677
2019-07-14,1432,49521283.133153848085166,2831412945.7185755,0.007723673125526537,0.02464984382566041155464025223,0.008,0.0255317317810287176,18.336,58.5187292421178207392,85920,202.108895,274210.799328248427024,85920,274210.799328248427024,0.00031036107659563044,3.1914664726285897,,-26.215441231736914,15516780,2374,4769,,0.09559304727865031,0.09015756131058326
2019-07-15,1450,59853529.055290180228824,2899908556.3248277,0.007760488415779587,0.02976795487228776432919954055,0.008,0.0306866818451888864,24.787,95.0788478620871158996,87000,203.508305,333717.6650664291396,87000,333717.6650664291396,0.0003510618461392979,3.8358352306486108,,-15.813147409349382,15603780,3194,6465,,0.10065030801818196,0.09282168848266312
2019-07-16,1442,48152770.13732725485501,2843759319.151179,0.007592720510095643,0.02330169120027059010432406607,0.008,0.0245516122125528536,28.579,87.7075656778185003793,86520,201.269395,265525.686078759111684,86520,265525.686078759111684,0.0003240318743424898,3.0689515265691067,,-38.42119034984056,15690300,3764,7621,,0.09678097010249263,0.09753778959830457
2019-07-17,1436,52501969.848686216469156,2866077331.2103066,0.007794995187680462,0.02594071181458031593003042978,0.008,0.0266229406843797488,16.198,53.9047991506978963828,86160,199.33745,286729.071170769894576,86160,286729.071170769894576,0.00034396982071009696,3.3278675855474686,,-47.25218017624275,15776460,2078,4212,,0.09621323570686238,0.09759038095142399
2019-07-18,1433,55730845.735622690055984,3204270817.0321007,0.007639076376554174,0.02683901008321419775021563268,0.008,0.0281070734316398688,21.504,75.5518133842479673344,85980,197.842775,302080.771706549489928,85980,302080.771706549489928,0.00032897192312634257,3.5133841789549836,,-36.120442484522876,15862440,2815,5689,,0.09495869087570308,0.09567640350392932
2019-07-19,1423,54580330.049982416249472,2860661431.702038,0.007769154228855722,0.02658940231455847443232193145,0.008,0.0273794562767738368,23.424,80.1670479783937941504,85380,195.410415,292207.247113868773248,85380,292207.247113868773248,0.0003249493123730732,3.4224320345967296,,-43.201462970398836,15947820,3015,6431,,0.09285261632883521,0.09556631894111382
2019-07-20,1438,54605202.07037288643618,2755002046.0556326,0.007854354354354354,0.02674853011094059951964892572,0.008,0.0272445361175858384,20.924,71.2580842155457603352,86280,196.407595,293832.322028163267144,86280,293832.322028163267144,0.00031351166335476325,3.4055670146982298,,-36.11028223947885,16034100,2664,5629,,0.0898483192184925,0.0954171178358198
2019-07-21,1432,49812260.392899317645346,2642252616.5307264,0.007865370770338373,0.0243046780896546116286813649,0.008,0.0247206940899077384,21.85,67.518395733060510505,85920,194.54573,265500.254525609110416,85920,265500.254525609110416,0.000291800982768792,3.0900867612384673,,-33.50169831612692,16120020,2778,5895,,0.08459226602950463,0.09617586181274099
2019-07-22,1427,49433259.623171558410452,2612243514.8605466,0.007759742581337148,0.02367011544327892515699139956,0.008,0.0244029903777556744,21.704,66.2053128948511446472,85620,192.842275,261173.004517930105266,85620,261173.004517930105266,0.0002956200791306862,3.0503737972194593,,-44.32705960492244,16205640,2797,5832,,0.0780121378400477,0.09619999266948447
2019-07-23,1443,47325569.797663831796934,2672861565.23562,0.007793851717902351,0.0226395465730409897037865317,0.008,0.0232383652062954376,21.55,62.598346274458335035,86580,193.967935,251497.207445132373426,86580,251497.207445132373426,0.00029440549353054876,2.9047956507869297,,-54.404398169644566,16292220,2765,5804,,0.07763473821851775,0.09619550671516913
2019-07-24,1427,50175253.76073542623008,2705830775.018921,0.007946001367054,0.02434341982673448094819726225,0.008,0.024508850378675296,23.25,71.228846413025079,85620,190.8147,262305.97117777235544,85620,262305.97117777235544,0.00031284312928333934,3.063606297334412,,-48.31780461346474,16377840,2926,6271,,0.0788238451311789,0.09633222647273447
2019-07-25,1450,51412310.88227854363968,2763513923.0931034,0.0077850877192982455,0.02430933735586681894216517953,0.008,0.024980412020902016,23.075,72.0528759227892524,87000,192.865635,271661.980727309424,87000,271661.980727309424,0.00031549889580944143,3.122551502612752,,-44.789347214530835,16464840,2964,6183,,0.07865089760011845,0.09627766412294926
2019-07-26,1443,51839570.39881778204442,3003898680.205821,0.007782905982905983,0.02437630744723019602608844065,0.008,0.025056252768073208,22.765,71.300699283148322515,86580,190.930405,271171.29558247229358,86580,271171.29558247229358,0.0003184027792527682,3.132031596009151,,-40.77216877678321,16551420,2925,6143,,0.0778009835320873,0.09625763917385471
2019-07-27,1435,49539656.56494044276952,3148857908.3867598,0.007404279279279279,0.02204688274492834412900734669,0.008,0.023820692778702808,46.025,137.043423142474592275,86100,188.889325,256370.2060307889711,86100,256370.2060307889711,0.0003151995306838107,2.977586597337851,,-38.950976872281984,16637520,6216,12607,0.07625784212841909,0.07712038135231783,0.09651545811427711
2019-07-28,1424,51626718.291564574825992,3239021244.383427,0.007883112470268435,0.02433655445945384152958697216,0.008,0.0246974068186802216,23.2,71.62247977417264264,85440,186.48361,263768.304823504766688,85440,263768.304823504766688,0.00032395008113378474,3.0871758523350277,,-39.60642091712847,16722960,2943,6204,0.07525753672857148,0.07775942028613123,0.09660126378508999
2019-07-29,1444,51539318.2232931520992,3318442665.7652354,0.007873121286263544,0.02413949786927231432586656875,0.008,0.024528516192315416,22.525,69.063103403988093175,86640,188.1283,265643.83036277595528,86640,265643.83036277595528,0.00032260240502630043,3.066064524039427,,-38.31646942952193,16809600,2861,6039,0.07439191326433128,0.07743221345270143,0.09659403618568617
2019-07-30,1423,50723723.247071366664126,3196396679.423753,0.007736897274633124,0.02322845224732502150249421633,0.008,0.0240183643885089496,22.143,66.4798303318442088741,85380,184.455305,256335.993936361764606,85380,256335.993936361764606,0.0003130943118969623,3.0022955485636187,,-36.2280936763409,16894980,2862,5867,0.07412228358540787,0.07721609834657235,0.09663614285131196
2019-07-31,1454,52311571.94016454690806,3110289851.3810177,0.007736767317939609,0.02383212914075496430499181389,0.008,0.024642983986858984,21.779,67.087443531225226567,87240,187.50561,268731.74037669722052,87240,268731.74037669722052,0.00030623041729982463,3.080372998357373,,-31.51221579046239,16982220,2815,5727,0.0741411651304164,0.07732000020787462,0.09662704321871068
2019-08-01,1421,55343929.634951138035008,3209335527.4257565,0.007819571865443426,0.0253561647704608165335824495,0.008,0.0259412307546051968,23.013,74.6231929194661742448,85260,182.334655,276468.666767204884896,85260,276468.666767204884896,0.00031178443480975624,3.2426538443256496,,-29.296451163765486,17067480,2943,6114,0.07412980067068643,0.07788044919531548,0.09672473371924878
2019-08-02,1468,61232676.094368255343068,3389945275.1730247,0.007750511945392492,0.02766360220929835259069884004,0.008,0.0285540902631535224,22.709,81.0543544732441675227,88080,187.3983,314380.533797320281624,88080,314380.533797320281624,0.00033897102127198366,3.5692612828941903,,-24.359162453407084,17155560,2930,6040,0.07431763841716273,0.07899908901389076,0.0967096676894088
2019-08-03,1444,59054559.842133981018,4407952295.906509,0.0076545213646902945,0.02621674670250873223321834939,0.008,0.02740001152620152,23.109,79.14835829487386571,86640,183.40812,296742.1248287624616,86640,296742.1248287624616,0.0003168240375598633,3.42500144077519,,-20.669626564158715,17242200,3019,6148,0.07432229760962103,0.07925227502400574,0.09663032632678042
2019-08-04,1416,55686535.20135749728476,4301999041.322741,0.007797820823244552,0.02506086535632418952389369448,0.008,0.025710634726686888,19.323,62.100824352971342103,84960,178.96972,273046.94079741475056,84960,273046.94079741475056,0.0002925250743046946,3.213829340835861,,-24.506045590151825,17327160,2478,5074,0.07357726538506974,0.0797160281102705,0.09705370856393165
2019-08-05,1445,57048405.870199908091536,4096400263.697578,0.007674844379348224,0.02514305485077288965848962722,0.008,0.0262082758768934208,20.96,68.665682797460762496,86700,181.725835,284032.18981583244792,86700,284032.18981583244792,0.0002778649561659848,3.2760344846116776,,-24.67758464148947,17413860,2731,5438,0.07305427964003997,0.07987831124300293,0.09695560510575453
2019-08-06,1417,55001632.28008970166912,3912997281.8002825,0.007671028037383177,0.0241112038783286529669883529,0.008,0.025145212621648792,20.52,64.49747037452915148,85020,177.3389,267230.74713657253698,85020,267230.74713657253698,0.0002751479321282849,3.143151577706099,,-27.834829826501906,17498880,2675,5476,0.07290869755028698,0.07992155708670516,0.08995737951513423
2019-08-07,1440,55961771.91979566246912,3979686582.59375,0.007615185185185186,0.02423386243837688531299145783,0.008,0.025458461585960832,20.561,65.431428583617583344,86400,179.3318,274951.3851283769856,86400,274951.3851283769856,0.00026591751961350035,3.182307698245104,,-28.126169630936687,17585280,2700,5410,0.07111591607050802,0.08004254998324713,0.0893785892965129
2019-08-08,1443,54602909.160856867752012,4026019098.109494,0.007729562185199535,0.02388297450588927926392069018,0.008,0.0247185793282005936,19.95,61.64195719970023029,86580,178.824815,267516.824779450924236,86580,267516.824779450924236,0.0002588173642702174,3.0898224160250742,,-29.781501710571785,17671860,2581,5268,0.07033781841223641,0.07920432077250561,0.08927552602558445
2019-08-09,1428,51996591.0475416958023,3932970042.686975,0.007688862465319065,0.02251407780751098787891433283,0.008,0.02342513255666796,19.399,56.803018308350219505,85680,176.112135,250883.1696819138516,85680,250883.1696819138516,0.0002469267450873647,2.928141569583495,,-36.75670845086338,17757540,2523,5050,0.06980442598203064,0.07593066050737067,0.08933541614143187
2019-08-10,1435,50822313.87522823441728,3931703697.29338,0.007607563025210084,0.02166788591861345188409400758,0.008,0.022785626195206016,18.106,51.569568486300015712,86100,176.121625,245230.3019259047472,86100,245230.3019259047472,0.00025197020212091946,2.848203274400752,,-29.33313607175798,17843640,2380,4766,0.06975349306989852,0.07598990159982154,0.08498455948145044
2019-08-11,1424,51624505.20956632490808,3833041521.269663,0.007646967941290073,0.02201847146214507650057515859,0.008,0.023034982368115408,19.798,57.005822615493605948,85440,173.93856,246013.61169147255744,85440,246013.61169147255744,0.00024972454806854166,2.879372796014426,,-28.015084048103912,17929080,2589,5211,0.06976071583838178,0.07483737328289436,0.08480145033118243
2019-08-12,1446,52012084.756412796936768,3885138938.2793913,0.0076766355140186916,0.02216259785828630279200395911,0.008,0.0230961574953653216,20.535,59.284949270915859882,86760,175.77524,250477.828037236912752,86760,250477.828037236912752,0.00025358776592635885,2.8870196869206652,,-21.582051856498683,18015840,2675,5448,0.06970621899080404,0.0702423296274571,0.08290728315360518
2019-08-13,1431,50776185.4042240042092,3883512816.732355,0.007793167992512869,0.02186023096582628275981204377,0.008,0.022440405223475808,16.654,46.715313573970763304,85860,173.1268,240841.64906095410936,85860,240841.64906095410936,0.000258124277030976,2.805050652934476,,-12.107782519671902,18101700,2137,4365,0.06973241527402249,0.06039412918856472,0.08258489177212763
2019-08-14,1435,49093225.710915108588,3818849318.4968643,0.007733493397358944,0.02087454980208790188491267257,0.008,0.02159391491479568,19.326,52.16549995541766396,86100,172.78881,232404.509270488506,86100,232404.509270488506,0.00026926747332913994,2.69923936434946,,-29.63098772381214,18187800,2499,5100,0.06978121450238439,0.04498594952685893,0.08164559151827426
2019-08-15,1437,57455756.0951846722233,4028218241.080724,0.0076723760932944605,0.02412288973563848360972321382,0.008,0.02515297940800532,21.053,66.193209434592000245,86220,172.213205,271086.2355697773363,86220,271086.2355697773363,0.0003049559883153774,3.144122426000665,,2.4494000241051177,18274020,2744,5579,0.07070716738648633,0.05135216878787731,0.07795437253321313
2019-08-16,1434,55829031.62268009716892,3705365326.8947,0.007774418604651162,0.02364035096437714253984284343,0.008,0.024326295937019856,20.058,60.992105488093033956,86040,171.04849,261629.31280264855128,86040,261629.31280264855128,0.00029313531582444454,3.040786992127482,,-8.626562987864759,18360060,2580,5257,0.07074473245434659,0.05049851801076981,0.07622702282643504
2019-08-17,1426,50073535.58462083210728,3890355176.9186535,0.007644408029496108,0.02075194748066666121677489253,0.008,0.021717257792200352,18.66,50.65550380030732104,85560,169.30525,232266.07208758276464,85560,232266.07208758276464,0.00026595628994054415,2.714657224025044,,-22.73383479422144,18445620,2441,4876,0.07122717828269944,0.054266079764922266,0.07619532616433426
2019-08-18,1425,52678899.5445003444456,3251436837.3936844,0.007731757032205463,0.02197926795585133007777196498,0.008,0.02274180925686104,18.966,53.91514429570331058,85500,168.40589,243053.086432702365,85500,243053.086432702365,0.0002751564093712309,2.84272615710763,,-16.93841898477342,18531120,2453,4979,0.0713151157551222,0.05518827787408769,0.07519016117066357
2019-08-19,1434,51708529.6774795395762,3377138621.4058576,0.007609190887666929,0.02113426928900714607713790041,0.008,0.02221972832697556,19.373,53.807849609812190485,86040,168.68621,238973.1781566221478,86040,238973.1781566221478,0.0002551732211787433,2.777466040871945,,-18.44335968475844,18617160,2546,5082,0.07125681265495648,0.05247552074680607,0.07332297004160385
2019-08-20,1442,54640462.346914472187072,3494385815.7371707,0.007640183028286189,0.02231983936212587564852727598,0.008,0.0233709996522243632,18.367,53.6568938265506098618,86520,168.842795,252757.361238806488008,86520,252757.361238806488008,0.0002712160929281122,2.9213749565280454,,-5.459775655062979,18703680,2404,4856,0.07136535583792282,0.05339055627064133,0.07010080076929086
2019-08-21,1419,51192282.3625383462387,3529185689.871741,0.007640993788819875,0.02081875879207255910821892976,0.008,0.02179691214777228,18.453,50.277302482855235355,85140,165.39683,231973.6375326664899,85140,231973.6375326664899,0.00026984845323404653,2.724614018471535,,-10.679339661416837,18788820,2415,4821,0.07141856974042272,0.05418521303291019,0.0671617786545009