date,AdrActCnt,IssTotNtv,NVTAdj,NVTAdj90,SplyCur,TxCnt,TxTfr,TxTfrValAdjNtv,TxTfrValMeanNtv,TxTfrValMedNtv,TxTfrValNtv
2017-08-22,3,200000000,2000000,,200000000,2,2,100,50,50,100
2017-08-23,0,0,,,200000000,0,0,0,,,0
2017-08-24,0,0,,,200000000,0,0,0,,,0
2017-08-25,0,0,,,200000000,0,0,0,,,0
2017-08-26,0,0,,,200000000,0,0,0,,,0
2017-08-27,0,0,,,200000000,0,0,0,,,0
2017-08-28,0,0,,,200000000,0,0,0,,,0
2017-08-29,0,0,,,200000000,0,0,0,,,0
2017-08-30,0,0,,,200000000,0,0,0,,,0
2017-08-31,0,0,,,200000000,0,0,0,,,0
2017-09-01,0,0,,,200000000,0,0,0,,,0
2017-09-02,2,0,2,,200000000,1,1,100000000,100000000,100000000,100000000
2017-09-03,0,0,,,200000000,0,0,0,,,0
2017-09-04,0,0,,,200000000,0,0,0,,,0
2017-09-05,0,0,,,200000000,0,0,0,,,0
2017-09-06,0,0,,,200000000,0,0,0,,,0
2017-09-07,5,0,2.00000356,,200000000,11,11,99999821.998,9090892.90890909,80.999,99999821.998
2017-09-08,40,0,19.31504205,,200000000,51,51,10354624.106644,203031.845228314,2471,10354624.106644
2017-09-09,17,0,4382.78263398,,200000000,17,17,45633.109534,2684.30056082353,1372.7297,45633.109534
2017-09-10,49,0,9.2338053,,181043076.000076,55,53,19606551.148481,369934.92732983,6973.333064,19606551.148481
2017-09-11,79,0,95.63232447,,181043076.000076,90,90,1893115.92076,21034.6213417778,8886.94164,1893115.92076
2017-09-12,64,0,174.45282502,,181043076.000076,64,64,1037776.693926,16215.2608425938,11512.8691185,1037776.693926
2017-09-13,19,0,337.99642642,,181043076.000076,18,18,535636.065505,29757.5591947222,9901.6270625,535636.065505
2017-09-14,3,0,21603.05118488,,181043076.000076,2,2,8380.44008,4190.22004,4190.22004,8380.44008
2017-09-15,5,0,28630.8379017,,181043076.000076,4,4,6323.359331,1580.83983275,331.920353,6323.359331
2017-09-16,10,0,167.68054448,,181043076.000076,10,10,1079690.411052,107969.0411052,5104.922676,1079690.411052
2017-09-17,225,0,61.95043371,,181043076.000076,251,251,2922385.93277,11642.9718437052,2478.624309,2922385.93277
2017-09-18,159,0,178.41942321,,181043076.000076,174,174,1014704.972936,5831.63777549425,1242.5536355,1014704.972936
2017-09-19,98,0,152.84680309,,181043076.000076,95,95,1184474.076945,12468.1481783684,5496.6978,1184474.076945
2017-09-20,72,0,277.99416324,,181043076.000076,71,71,651247.759634,9172.5036568169,7026.733025,651247.759634
2017-09-21,40,0,409.50709931,,181043076.000076,38,38,442099.969218,11634.2097162632,1967.741011,442099.969218
2017-09-22,11,0,7848.63816062,,181043076.000076,10,10,23066.813923,2306.6813923,1622.985,23066.813923
2017-09-23,29,0,1859.95054478,,181043076.000076,37,37,97337.575189,2630.74527537838,205.122846,97337.575189
2017-09-24,17,0,1026.50578156,,181043076.000076,16,16,176368.29646,11023.01852875,520.095238,176368.29646
2017-09-25,41,0,70.21021422,,181043076.000076,38,38,2578586.007886,67857.5265233158,3552.487798,2578586.007886
2017-09-26,27,0,3416.50835056,,181043076.000076,24,24,52990.672764,2207.9446985,346.2152825,52990.672764
2017-09-27,18,0,9125.95906998,,181043076.000076,14,14,19838.252025,1417.01800178571,365.21508,19838.252025
2017-09-28,15,0,3099.69413354,,181043076.000076,15,15,58406.755054,3893.78367026667,1000,58406.755054
2017-09-29,12,0,12108.05806541,,181043076.000076,11,11,14952.280128,1359.29819345455,325.76,14952.280128
2017-09-30,31,0,936.90243177,,181043076.000076,26,26,193235.78407,7432.14554115385,1992.8632995,193235.78407
2017-10-01,13,0,8695.34465498,,181043076.000076,9,9,20820.690057,2313.41000633333,558,20820.690057
2017-10-02,21,0,3960.49110716,,181043076.000076,16,16,45712.279387,2857.0174616875,414.53231,45712.279387
2017-10-03,9,0,3601.79937041,,181043076.000076,12,12,50264.619814,4188.71831783333,1997.5,50264.619814
2017-10-04,13,0,3102.49351386,,181043076.000076,9,9,58354.054631,6483.78384788889,3122.769465,58354.054631
2017-10-05,22,0,1553.45003037,,181043076.000076,17,17,116542.581004,6855.44594141177,1386.82158,116542.581004
2017-10-06,33,0,133.75118013,,181043076.000076,37,37,1353581.14839,36583.2742808108,1995,1353581.14839
2017-10-07,31,0,164.59434584,,181043076.000076,26,26,1099934.964805,42305.1909540385,1068,1099934.964805
2017-10-08,25,0,136.16318426,,181043076.000076,20,20,1329603.717661,66480.18588305,828.383296,1329603.717661
2017-10-09,20,0,337.3680609,,181043076.000076,16,16,536633.715469,33539.6072168125,459.2515575,536633.715469
2017-10-10,12,0,5080.61794996,,181043076.000076,13,13,35634.066128,2741.08200984615,319.978327,35634.066128
2017-10-11,21,0,882.57676628,,181043076.000076,16,16,205130.117761,12820.6323600625,2209.539462,205130.117761
2017-10-12,15,0,11921.41578013,,181043076.000076,12,12,15186.373778,1265.53114816667,204.159528,15186.373778
2017-10-13,11,0,16074.65021274,,181043076.000076,12,12,11262.644823,938.55373525,158.8538365,11262.644823
2017-10-14,2,0,18113.36428215,,181043076.000076,1,1,9995,9995,9995,9995
2017-10-15,9,0,183.50197793,,181043076.000076,18,18,986600.133942,54811.1185523333,0.019,986600.133942
2017-10-16,12,0,253.05319613,,181043076.000076,12,12,715434.852322,59619.5710268333,634.3626075,715434.852322
2017-10-17,8,0,10199.58826594,,181043076.000076,5,5,17750.037676,3550.0075352,1811.836037,17750.037676
2017-10-18,8,0,258.82144752,,181043076.000076,7,7,699490.238282,99927.1768974286,83.000635,699490.238282
2017-10-19,38,0,144.64991663,,181043076.000076,33,33,1251594.74829,37927.1135845455,232,1251594.74829
2017-10-20,24,0,40.32449227,,181043076.000076,20,20,4489655.43784,224482.771892,1481.088208,4489655.43784
2017-10-21,13,0,295.52030868,,181043076.000076,10,10,612624.820306,61262.4820306,9360.63,612624.820306
2017-10-22,9,0,10509.61151851,,181043076.000076,8,8,17226.428939,2153.303617375,1519.4919,17226.428939
2017-10-23,9,0,948.01286082,,181043076.000076,16,16,190971.118096,11935.694881,16649.5,190971.118096
2017-10-24,23,0,174.54514167,,181043076.000076,21,21,1037227.815526,49391.8007393333,729.779141,1037227.815526
2017-10-25,41,0,63.54266831,,181043076.000076,62,62,2849157.594872,45954.154756,4742.5,2849157.594872
2017-10-26,23,0,23.42654869,,181043076.000076,18,18,7728115.585158,429339.754731,9484.975,7728115.585158
2017-10-27,30,0,371.22072422,,181043076.000076,24,24,487696.575622,20320.6906509167,31932.561979,487696.575622
2017-10-28,1501,0,264.38100817,,181043076.000076,1502,1502,684780.942686,469.226326688415,10,704777.942686
2017-10-29,9279,0,3514.32536167,,181043076.000076,9285,9285,51515.74125,5.54827584814216,5,51515.74125
2017-10-30,22476,0,678.55791772,,181043076.000076,22495,22495,266805.634819,11.8606639172705,5,266805.634819
2017-10-31,18,0,4365.19200862,,181043076.000076,21,21,41474.252597,1974.96440938095,100,41474.252597
2017-11-01,24,0,4736.61389357,,181043076.000076,18,18,38222.046396,2123.447022,1365.471948,38222.046396
2017-11-02,71,0,196.60668383,,181043076.000076,68,68,920838.867086,13541.7480453824,14015.858275,920838.867086
2017-11-03,13,0,2250.78787456,,181043076.000076,10,10,80435.423545,8043.5423545,663.9781135,80435.423545
2017-11-04,11,0,14571.18794534,,181043076.000076,10,10,12424.73,1242.473,872.5,12424.73
2017-11-05,12,0,10853.90132238,,181043076.000076,9,9,16680.000179,1853.33335322222,1543,16680.000179
2017-11-06,26,0,5234.59029769,,181043076.000076,24,24,34585.911352,1441.07963966667,217.3913035,34585.911352
2017-11-07,25,0,2057.39319141,,181043076.000076,18,18,87996.342535,4888.68569638889,363.9384,87996.342535
2017-11-08,12,0,6048.30262591,,181043076.000076,9,9,29932.87327,3325.87480777778,83.000635,29932.87327
2017-11-09,9,0,25176.26718869,,181043076.000076,7,7,7191.021395,1027.28877071429,588,7191.021395
2017-11-10,19,0,2158.48770971,,181043076.000076,20,20,83874.962635,4193.74813175,1612.5,83874.962635
2017-11-11,4,0,3443.06180822,,181043076.000076,4,4,52582,13145.5,11488.5,52582
2017-11-12,9,0,70.69564556,,181043076.000076,10,10,2560880.158335,256088.0158335,3999.9975,2560880.158335
2017-11-13,11,0,9015.28336456,,181043076.000076,11,11,20081.7954,1825.61776363636,1948,20081.7954
2017-11-14,8,0,12.25482409,,181043076.000076,6,6,14773208.872575,2462201.4787625,9479.4387875,14773208.872575
2017-11-15,82,0,105.40805044,,181043076.000076,81,81,1717545.056994,21204.2599628889,8535.796959,1717545.056994
2017-11-16,5,0,137.53833606,,181043076.000076,5,5,1316309.918984,263261.9837968,991.738,1316309.918984
2017-11-17,9,0,23238.61487899,,181043076.000076,6,6,7790.613896,1298.43564933333,582.306948,7790.613896
2017-11-18,7,0,6226.35640739,,181043076.000076,4,4,29076.8893,7269.222325,2501.15,29076.8893
2017-11-19,11,0,6075.4317814,,181043076.000076,19,19,29799.2114,1568.37954736842,900,29799.2114
2017-11-20,16,0,2084.7225624,,181043076.000076,14,14,86842.767122,6203.05479442857,3938.4999995,86842.767122
2017-11-21,6,0,10975.15657017,55.622494829493434,181043076.000076,5,5,16495.716926,3299.1433852,136,16495.716926
2017-11-22,14,0,6341.4911684,55.61707451227477,181043076.000076,9,9,28548.9755,3172.10838888889,352.286,28548.9755
2017-11-23,14,0,2708.7780333,55.60438919636591,181043076.000076,14,14,66835.7,4773.97857142857,1612.5,66835.7
2017-11-24,0,0,,55.60438919636591,181043076.000076,0,0,0,,,0
2017-11-25,11,0,1700.42761219,55.58419345851421,181043076.000076,10,10,106469.146174,10646.9146174,2197.75,106469.146174
2017-11-26,11,0,1087.49030288,55.55264427373041,181043076.000076,10,10,166477.87619,16647.787619,1772.441095,166477.87619
2017-11-27,11,0,12757.59810615,55.549956596984906,181043076.000076,9,9,14191.0001,1576.77778888889,444,14191.0001
2017-11-28,14,0,4250.48529602,55.54189124435636,181043076.000076,15,15,42593.507186,2839.56714573333,2523.140201,42593.507186
2017-11-29,5,0,31886.12768192,55.540816293445985,181043076.000076,4,4,5677.800635,1419.45015875,1307.3503175,5677.800635
2017-11-30,9,0,11894.28820734,55.53793477756484,181043076.000076,36,36,15221.009685,425.583602361111,83.000635,15321.009685
2017-12-01,8,0,17623.21154796,84.2526234803758,181043076.000076,5,5,10272.99,2054.598,75,10272.99
2017-12-02,17,0,56913.8874568,84.25123768546437,181043076.000076,15,15,3181,212.066666666667,1,3181
2017-12-03,8,0,6903.43257738,84.23981452981442,181043076.000076,7,7,26225.080635,3746.44009071429,1342.3,26225.080635
2017-12-04,9,0,6720.93085896,84.22808441160784,181043076.000076,10,10,26937.202569,2693.7202569,636.5,26937.202569
2017-12-05,8,0,110797.47613224,84.22737297238977,181043076.000076,4,4,1634,408.5,344.5,1634
2017-12-06,18,0,5174.57436512,174.2916901401826,181043076.000076,13,13,34987.0469,2691.3113,49.9,34987.0469
2017-12-07,17,0,5329.57040969,195.9208779984236,181043076.000076,13,13,33969.5439,2613.04183846154,2000,33969.5439
2017-12-08,0,0,,196.02843914783006,181043076.000076,0,0,0,,,0
2017-12-09,4,0,2175981.90206212,256.5419604793957,181043076.000076,2,2,83.200635,41.6003175,41.6003175,83.200635
2017-12-10,13,0,3538.88399213,264.20415678088824,181043076.000076,13,13,51158.23983,3935.24921769231,3202.9,51158.23983
2017-12-11,15,0,7747.28428579,268.6226124008631,181043076.000076,11,11,23368.5856,2124.41687272727,2383,23368.5856
2017-12-12,15,0,24035.8272187,270.9818828453288,181043076.000076,11,11,7532.2174,684.747036363636,95.9,7532.2174
2017-12-13,18,0,16867.49795959,270.97127991346434,181043076.000076,14,14,10733.250209,766.660729214286,100.5,10733.250209
2017-12-14,6,0,40107.01727959,270.9794337122256,181043076.000076,3,3,4514,1504.66666666667,197,4514
2017-12-15,4,0,496404.70523364,275.9324202899181,181043076.000076,2,2,364.708622,182.354311,182.354311,364.708622
2017-12-16,33,0,14969.77744819,290.2367417166677,181043076.000076,30,30,12093.905646,403.1301882,190.605263,12093.905646
2017-12-17,6,0,2328.56933942,295.16290833709166,181043076.000076,4,4,77748.63,19437.1575,19676.815,77748.63
2017-12-18,9,0,35174.48533128,301.60626209353813,181043076.000076,8,8,5147,643.375,800,5147
2017-12-19,20,0,11494.70019833,305.1963843748993,181043076.000076,15,15,15750.13466,1050.00897733333,525,15750.13466
2017-12-20,17,0,335.19616281,304.63712668263554,181043076.000076,17,17,540110.8249,31771.2249941176,50,540110.8249
2017-12-21,57,0,18673.64172684,304.71330589153297,181043076.000076,53,53,9695.1135,182.926669811321,0.1,9695.1135
2017-12-22,18,0,180.7016548,299.6444873378414,181043076.000076,16,16,1001889.419309,62618.0887068125,65.5,1001889.419309
2017-12-23,24,0,5013.0727968,300.4193510888715,181043076.000076,26,26,36114.1925,1389.00740384615,800,36114.1925
2017-12-24,16,0,11321.35998541,315.3174699673997,181043076.000076,11,11,15991.2834,1453.75303636364,47.99,15991.2834
2017-12-25,2709,0,4289.57857768,315.3832957869943,181043076.000076,3628,3628,42205.3292,11.6332219404631,1,42205.3292
2017-12-26,500,0,2405.92260253,315.04540155062745,181043076.000076,518,518,75248.9194,145.268184169884,1,75248.9194
2017-12-27,18,0,6104.77367757,315.2206333157478,181043076.000076,15,15,29655.9849,1977.06566,266.148,29655.9849
2017-12-28,17,0,5907.51439911,315.1249567863088,181043076.000076,15,15,30646.235247,2043.0823498,83,30646.235247
2017-12-29,32,0,1436.3111836,315.53497300159296,181043076.000076,28,28,126047.25081,4501.68752892857,110.4,126047.25081
2017-12-30,14,0,12906.31208883,315.5764877634081,181043076.000076,11,11,14027.4832,1275.22574545455,885.1,14027.4832
2017-12-31,14,0,33275.0034798,315.82281994791157,181043076.000076,14,14,5440.813135,388.629509642857,122.4251,5440.813135
2018-01-01,16,0,7283.67407376,315.978437087222,181043076.000076,12,12,24856.010053,2071.33417108333,211.538709,24856.010053
2018-01-02,38,0,3408.95185059,316.010585257371,181043076.000076,31,31,53108.135267,1713.16565377419,227.99999,53108.135267
2018-01-03,34,0,5475.52079219,316.5230419344734,181043076.000076,25,25,33064.083376,1322.56333504,403.7,33064.083376
2018-01-04,27,0,5514.14111394,324.8578270843546,181043076.000076,20,20,32832.506869,1641.62534345,229.121185,32832.506869
2018-01-05,28,0,9504.14359236,332.0127271568826,181043076.000076,24,24,19048.8574,793.702391666667,206.70915,19048.8574
2018-01-06,38,0,2647.05316451,340.7702073068206,181043076.000076,42,42,68394.19715,1628.43326547619,161.9006,68394.19715
2018-01-07,66,0,3748.07370741,344.28638741801404,181043076.000076,83,83,48302.965772,581.963443036145,83.000635,48302.965772
2018-01-08,65,0,2984.61104544,344.1044357496745,181043076.000076,74,74,60658.850766,820.035821162162,97.64145,60682.650766
2018-01-09,37,0,34401.18914789,345.56303210214315,181043076.000076,32,32,5262.698194,164.4593185625,50.3887,5262.698194
2018-01-10,52,0,9364.77282017,345.53264992732704,181043076.000076,46,46,19332.351086,420.268501869565,77.57,19332.351086
2018-01-11,47,0,8227.10435736,345.45394859817725,181043076.000076,39,39,22005.6861,564.248361538461,44.5,22005.6861
2018-01-12,43,0,19877.68824366,345.4604462931113,181043076.000076,62,62,9107.853679,146.900865790323,9.5,9107.853679
2018-01-13,52,0,21550.01542443,352.77691128872965,181043076.000076,45,45,8401.064799,186.690328866667,21,8401.064799
2018-01-14,47,0,8393.65713096,358.15744303990766,181043076.000076,39,39,21569.033995,553.052153717949,50,21569.033995
2018-01-15,40,0,2129.59208974,357.6286836668941,181043076.000076,40,40,85013.0299,2125.3257475,113.79795,85013.0299
2018-01-16,159,0,3389.61810294,362.77301146214904,181043076.000076,159,159,53411.054137,335.918579477987,0.01,53411.054137
2018-01-17,89,0,7892.9398969,372.97587515938966,181043076.000076,90,90,22937.343799,254.859375544444,0.01,22937.343799
2018-01-18,160,0,48550.1322826,415.65784365468215,181043076.000076,162,162,3728.992435,23.0184718209877,0.01,3728.992435
2018-01-19,641,0,3074.5632324,421.6135395451071,181043076.000076,790,786,58884.160876,74.9162352111959,0.01,58884.160876
2018-01-20,2139,0,42659.31944793,421.75521967687325,181043076.000076,2303,2302,4243.9279,1.84358292788879,0.01,4243.9279
2018-01-21,5470,0,13939.38593338,423.70722505328797,181043076.000076,5720,5720,12987.880303,2.27060844458042,0.01,12987.880303
2018-01-22,8630,0,596.48949604,431.9486072136192,181043076.000076,8833,8832,303514.273429005,34.9540617560009,0.01,308714.273429
2018-01-23,19,0,49386.99300085,467.19047920514566,181043076.000076,19,19,3665.8048,192.937094736842,100,3665.8048
2018-01-24,21,0,7399.47205926,599.6424350240604,181043076.000076,18,18,24467.0261,1359.27922777778,290.75,24467.0261
2018-01-25,33,0,13006.09115677,610.2832049599078,181043076.000076,29,29,13919.8683,479.99545862069,130.75,13919.8683
2018-01-26,52,0,8614.36653321,625.8423591568112,181043076.000076,58,58,21016.411979,362.351930672414,87.000635,21016.411979
2018-01-27,39,0,9193.72974612,626.6082866717619,181043076.000076,33,33,19692.016298,596.727766606061,44.5149,19692.016298
2018-01-28,20,0,110655.47285783,633.0639807335109,181043076.000076,18,18,1636.096899,90.8942721666667,9.95,1636.096899
2018-01-29,23,0,70990.0855039,634.0228192269161,181043076.000076,16,16,2550.258599,159.3911624375,70.365,2550.258599
2018-01-30,28,0,14994.15118902,634.6685665335357,181043076.000076,22,22,12074.246399,548.829381772727,100,12074.246399
2018-01-31,21,0,4533.53638076,657.2193599773537,181043076.000076,18,18,39934.184,2496.34355555556,75,44934.184
2018-02-01,23,0,39532.58189078,659.2364072611813,181043076.000076,20,20,4579.5915,228.979575,53.45,4579.5915
2018-02-02,20,0,24547.390234,659.3711153122596,181043076.000076,18,18,7375.2474,409.735966666667,116.96215,7375.2474
2018-02-03,19,0,55861.35486788,659.7299056080087,181043076.000076,20,20,3240.936,162.0468,55.9492,3240.936
2018-02-04,14,0,29774.07299554,660.4922230011256,181043076.000076,10,10,6080.5613,608.05613,71.10715,6080.5613
2018-02-05,24,0,16053.65397533,662.5526937459617,181043076.000076,25,25,11277.375,451.095,200,11277.375
2018-02-06,16,0,31923.25078406,663.2069770931823,181043076.000076,13,13,5671.198,436.246,100,5671.198
2018-02-07,8,0,80409.60054068,663.3403430540471,181043076.000076,6,6,2251.5107,375.251783333333,189.68575,2251.5107
2018-02-08,14,0,66948.1163909,665.5396476528845,181043076.000076,11,11,2704.22957,245.839051818182,55.652,2704.22957
2018-02-09,18,0,52520.90635035,666.8780487833722,181043076.000076,15,15,3447.066865,229.804457666667,99.5,3447.066865
2018-02-10,18,0,14926.37318981,744.5458207424027,181043076.000076,14,14,12129.073399,866.362385642857,84.30715,12129.073399
2018-02-11,38,0,37001.90042327,745.0629378132613,181043076.000076,37,37,4892.8048,132.237967567568,12.78,4892.8048
2018-02-12,26,0,3396.01133574,2279.1094174082996,181043076.000076,28,28,53310.50403,1903.9465725,208.04,53310.50403
2018-02-13,36,0,1525.878549,2935.6574690882358,181043076.000076,40,40,118648.418066,2966.21045165,0.001,118648.418066
2018-02-14,31,0,2694.13327609,3788.1969612414928,181043076.000076,27,27,67199.005189,2488.85204403704,79.5,67199.005189
2018-02-15,12,0,19594.4418265,3786.921309342795,181043076.000076,9,9,9239.511776,1026.61241955556,132.56,9239.511776
2018-02-16,12,0,32517.7305194,3807.7263505960723,181043076.000076,12,12,5567.5188,463.9599,91.9879,5567.5188
2018-02-17,11,0,64128.54471086,3831.88276172706,181043076.000076,8,8,2823.127779,352.890972375,41.98745,2823.127779
2018-02-18,13,0,35670.77974402,3907.0126379337044,181043076.000076,12,12,5075.3888,422.949066666667,52.1181,5075.3888
2018-02-19,27,0,13605.84839531,3910.002925893507,181043076.000076,26,26,13306.2688,511.779569230769,113.1775,13306.2688
2018-02-20,34,0,32341.66876778,3931.6566527865716,181043076.000076,24,24,5597.827289,233.242803708333,50.92,5597.827289
2018-02-21,12,0,100659.32069239,3994.3407855958367,181043076.000076,9,9,1798.5724,199.841377777778,190.0735,1798.5724
2018-02-22,14,0,134184.57462462,3993.020093716953,181043076.000076,12,12,1349.2093,112.434108333333,22.9311,1349.2093
2018-02-23,7,0,539157.57762044,4099.649173881853,181043076.000076,5,5,335.7888,67.15776,30.31,335.7888
2018-02-24,11,0,98269.57833659,4276.809227512805,181043076.000076,10,10,1842.3105,184.23105,33.4541,1842.3105
2018-02-25,15,0,95231.42275947,4290.650226180853,181043076.000076,10,10,1901.08549,190.108549,106,1901.08549
2018-02-26,14,0,15753.89362518,4326.080565788126,181043076.000076,11,11,11491.9575,1044.72340909091,54.445,11491.9575
2018-02-27,18,0,19490.01344869,4321.936733700379,181043076.000076,18,18,9289.0175,516.056527777778,156.25,9289.0175
2018-02-28,13,0,7429.11198917,4311.474486997412,181043076.000076,15,15,24369.41,1624.62733333333,82.4,24369.41
2018-03-01,15,0,29701.52696696,4316.245735190441,181043076.000076,11,11,6095.413081,554.128461909091,128.9144,6095.413081
2018-03-02,28,0,11693.37348869,4302.226177460723,181043076.000076,29,29,15482.536,1028.53376551724,8.7,29827.4792
2018-03-03,5,0,409528.37627851,4331.715325566073,181043076.000076,3,3,442.077,147.359,167,442.077
2018-03-04,7,0,147670.59869123,4361.527704112457,181043076.000076,5,5,1225.9927,245.19854,138.2146,1225.9927
2018-03-05,12,0,74295.82408673,4360.590660735894,181043076.000076,14,14,2436.7867,174.056192857143,114.5823,2436.7867
2018-03-06,15,0,51704.0013897,4397.646103349126,181043076.000076,11,11,3501.529304,318.320845818182,27.975852,3501.529304
2018-03-07,29,0,2079.39841072,4335.516998909762,181043076.000076,38,38,87065.121848,2291.18741705263,637.2699995,87065.121848
2018-03-08,10,0,26447.83683775,4327.634592724111,181043076.000076,8,8,6845.2886,855.661075,243.8411,6845.2886
2018-03-09,15,0,23350.25325193,4318.8363150199675,181043076.000076,11,11,7753.3667,704.851518181818,227.8,7753.3667
2018-03-10,9,0,32182.57391584,4371.596482429642,181043076.000076,7,7,5625.5002,803.642885714286,154.553,5625.5002
2018-03-11,13,0,41652.27430267,4394.021622090783,181043076.000076,14,14,4346.53519,310.466799285714,184.81935,4346.53519
2018-03-12,17,0,14597.92887743,4388.258777754866,181043076.000076,15,15,12401.97,826.798,220,12401.97
2018-03-13,9,0,64138.17702023,4397.627767203366,181043076.000076,6,6,2822.7038,470.450633333333,41.9195,2822.7038
2018-03-14,24,0,19094.22940195,4391.739686930798,181043076.000076,23,23,9481.5597,412.241726086957,100.5,9481.5597
2018-03-15,28,0,64457.47481098,4388.848566427786,181043076.000076,23,23,2808.7212,122.118313043478,7.72,2808.7212
2018-03-16,17,0,36033.83596139,4397.221982827112,181043076.000076,16,16,5024.2521,314.01575625,52.7284,5024.2521
2018-03-17,8,0,75403.67121846,4488.491135037488,181043076.000076,6,6,2400.9849,400.16415,314.1,2400.9849
2018-03-18,12,0,62966.12138797,4491.301802859825,181043076.000076,10,10,2875.245799,287.5245799,98.4542,2875.245799
2018-03-19,6,0,422737.18611369,4510.350703509595,181043076.000076,5,5,428.2639,85.65278,57.7627,428.2639
2018-03-20,10,0,78602.66256355,5299.261998352417,181043076.000076,8,8,2303.269,287.908625,51.94225,2303.269
2018-03-21,17,0,30006.25173214,5305.580221215972,181043076.000076,14,14,6033.51187,430.965133571429,54.5087,6033.51187
2018-03-22,5,0,89138.78595375,7866.78439641591,181043076.000076,5,5,2031.0247,406.20494,17.5,2031.0247
2018-03-23,17,0,8487.1214012,7923.334603478899,181043076.000076,14,14,21331.5054,1523.67895714286,49.725,21331.5054
2018-03-24,17,0,47838.01661142,7970.647368069081,181043076.000076,16,16,3784.502135,236.5313834375,63.00995,3784.502135
2018-03-25,8,0,526298.26220475,8137.280570441675,181043076.000076,6,6,343.9933,57.3322166666667,57.09665,343.9933
2018-03-26,20,0,11758.4622453,8388.002730540682,181043076.000076,17,17,15396.8327,905.696041176471,143.5152,15396.8327
2018-03-27,7,0,15942.0927234,8467.774123643683,181043076.000076,4,4,11356.293,2839.07325,669.2266,11356.293
2018-03-28,27,0,80188.78450723,8594.57197960055,181043076.000076,21,21,2257.71069,107.510032857143,7.6,2257.71069
2018-03-29,6,0,89883.86590178,9196.226150711798,181043076.000076,5,5,2014.1888,402.83776,10,2014.1888
2018-03-30,3,0,1002619.9036389,9268.662281047546,181043076.000076,2,2,180.57,90.285,90.285,180.57
2018-03-31,9,0,15864.23258702,9237.286122748274,181043076.000076,8,8,11412.0286,1426.503575,95.5,11412.0286
2018-04-01,7,0,61866.87222999,9353.57273772305,181043076.000076,4,4,2926.3331,731.583275,166.04155,2926.3331
2018-04-02,12,0,18668.57267659,9592.620138484548,181043076.000076,12,12,9697.746,808.1455,156.25,9697.746
2018-04-03,5,0,234996.23835887,9778.530625233978,181043076.000076,4,4,770.4084,192.6021,140.8888,770.4084
2018-04-04,11,0,142414.61993711,9967.321976212212,181043076.000076,8,8,1271.2394,158.904925,139.29775,1271.2394
2018-04-05,7,0,89413.57416643,10072.214011991446,181043076.000076,9,9,2024.7829,224.975877777778,200,2024.7829
2018-04-06,25,0,20134.18006369,10456.165847408758,181043076.000076,35,35,8991.8276,256.90936,100,8991.8276
2018-04-07,3999,0,44.49033308,2920.432743451289,181043076.000076,4023,4023,4069267.71411601,1011.50079893512,14.999999,4069267.714116
2018-04-08,7978,0,493.69714133,2764.0820342747943,180730576.000076,8009,8008,366075.80006,45.8248364210789,4.999999,366965.29006
2018-04-09,1373,0,14130.6436925,2760.550930976496,180730576.000076,1369,1369,12789.9747479999,9.3425673834916,4.999999,12789.974748
2018-04-10,13,0,8715.87906856,2759.8935679579417,180730576.000076,20,20,20735.782883,1045.06414415,29.5,20901.282883
2018-04-11,4,0,278760.28034202,2769.931275424727,180730576.000076,3,3,648.3369,216.1123,100.399,648.3369
2018-04-12,8,0,34618.18815384,2771.766059947656,180730576.000076,7,7,5220.6827,745.811814285714,299.5,5220.6827
2018-04-13,11,0,22201.25101496,2771.8891086424787,180730576.000076,11,11,8140.5582,740.050745454545,15.1,8140.5582
2018-04-14,13,0,156673.40722248,2781.566333132863,180730576.000076,11,11,1153.54979,121.413617272727,54.6978,1335.54979
2018-04-15,13,0,86639.65711652,2821.5795692513198,180730576.000076,7,7,2086.0029,298.000414285714,123,2086.0029
2018-04-16,29,0,7161.77325892,2835.4379193632176,180730576.000076,25,25,25235.4507,1009.418028,150,25235.4507
2018-04-17,21,0,32330.54740776,2844.038192220591,180730576.000076,18,18,5590.0871,310.560394444444,230,5590.0871
2018-04-18,4,0,1105385.78593319,2845.8123288308057,180730576.000076,3,3,163.5,54.5,28,163.5
2018-04-19,12,0,92878.83493798,2874.4469074548592,180730576.000076,7,7,1945.87471,277.982101428571,99,1945.87471
2018-04-20,9,0,10664.87355078,2868.008968395088,180730576.000076,7,7,16946.340258,2420.90575114286,365.853658,16946.340258
2018-04-21,7,0,2115703.3787004,2874.5485268269326,180730576.000076,5,5,85.4234,17.08468,14.0795,85.4234
2018-04-22,24,0,24113.7470362,3033.2279677424344,180730576.000076,24,24,7494.9188,312.288283333333,20.4916,7494.9188
2018-04-23,26,0,8496.35329997,3023.302138681504,180730576.000076,21,21,21271.5467,1012.9307952381,184.5,21271.5467
2018-04-24,17,0,12951.61331957,3029.2212176890544,180730576.000076,15,15,13954.2906,930.28604,41.3808,13954.2906
2018-04-25,24,0,56678.97578019,3035.2872517874525,180730576.000076,22,22,3188.670464,144.939566545455,50.75,3188.670464
2018-04-26,7,0,486052.69081622,3047.0256215520308,180730576.000076,5,5,371.8333,74.36666,80.1243,371.8333
2018-04-27,9,0,10704.64929276,3048.629617887546,180730576.000076,8,8,16883.371987,2110.421498375,59.4934,16883.371987
2018-04-28,19,0,55631.99458983,3047.708476736647,180730576.000076,13,13,3248.6805,249.8985,49.5,3248.6805
2018-04-29,16,0,67715.86240429,3047.6406970020016,180730576.000076,13,13,2668.9548,205.304215384615,99,2668.9548
2018-04-30,23,0,23880.21732793,3050.2159185200308,180730576.000076,20,20,7568.2132,378.41066,178.4745,7568.2132
2018-05-01,22,0,47644.83590233,3071.0291395240183,180730576.000076,16,16,3793.287826,237.080489125,35.24115,3793.287826
2018-05-02,10,0,162981.90828405,3073.04283812952,180730576.000076,7,7,1108.899619,158.414231285714,105.3988,1108.899619
2018-05-03,18,0,13053.82781348,3069.2911914097954,180730576.000076,15,15,13845.025274,923.001684933333,33.115,13845.025274
2018-05-04,17,0,3022.31708249,3036.880836286838,180730576.000076,12,12,59798.681299,4983.22344158333,146.6,59798.681299
2018-05-05,13,0,50761.90104106,3038.3104582536407,180730576.000076,12,12,3560.3587,296.696558333333,31.14955,3560.3587
2018-05-06,8,0,267550.81569219,3044.3392979953696,180730576.000076,6,6,675.5,112.583333333333,64.25,675.5
2018-05-07,18,0,24197.91666417,3043.3153659041673,180730576.000076,18,18,7468.8486,414.936033333333,87.5,7468.8486
2018-05-08,13,0,43369.2665427,3042.224928987811,180730576.000076,9,9,4167.25,463.027777777778,220.27,4167.25
2018-05-09,20,0,42197.79952942,3041.326916611189,180730576.000076,15,15,4282.9384,285.529226666667,28,4282.9384
2018-05-10,32,0,16792.41216189,3037.17253495532,180730576.000076,26,26,10762.6334,413.947438461538,9.5,10762.6334
2018-05-11,20,0,46765.66648718,3041.8666172118537,180730576.000076,17,17,3864.5996,227.329388235294,94.5,3864.5996
2018-05-12,14,0,24438.0756039,3040.443625621734,180730576.000076,11,11,7395.4504,672.313672727273,113,7395.4504
2018-05-13,9,0,361792.5539796,3070.7568631979357,180730576.000076,8,8,499.542,62.44275,22.1203,499.542
2018-05-14,26,0,8130.8149123,3127.689938686324,180730576.000076,20,20,22227.855135,1111.39275675,154.25,22227.855135
2018-05-15,30,0,110552.11605491,3167.6246050856857,180730576.000076,26,26,1634.799789,62.8769149615385,6,1634.799789
2018-05-16,17,0,86074.30679452,3172.035066815662,180730576.000076,15,15,2099.704113,139.9802742,10.489,2099.704113
2018-05-17,13,0,72482.14521764,3173.937791216356,180730576.000076,11,11,2493.4496,226.677236363636,34.888,2493.4496
2018-05-18,6,0,420802.75675819,3175.4209375516675,180730576.000076,5,5,429.49,85.898,10,429.49
2018-05-19,11,0,75964.11704114,3177.093238039526,180730576.000076,9,9,2379.1572,264.3508,74.4379,2379.1572
2018-05-20,14,0,288228.60460047,3184.981031703601,180730576.000076,7,7,627.039,89.577,62.999,627.039
2018-05-21,28,0,23663.34736114,3183.7094552953718,180730576.000076,27,27,7637.574399,282.873125888889,50,7637.574399
2018-05-22,18,0,8509.79820354,3171.641727088675,180730576.000076,16,16,21237.9391,1327.37119375,30,21237.9391
2018-05-23,20,0,83769.63160533,3171.141948294937,180730576.000076,16,16,2157.4713,134.84195625,99.6,2157.4713
2018-05-24,15,0,2.79727734,233.23944049607857,180730576.000076,17,17,64609459.172732,3800556.42192541,242,64609459.172732
2018-05-25,3,0,2636312.76229319,233.24537295599347,180730576.000076,2,2,68.5543,34.27715,34.27715,68.5543
2018-05-26,10,0,21326.58084621,233.2233894342958,180730576.000076,6,6,8474.4281,1412.40468333333,191.52965,8474.4281
2018-05-27,6,0,168390.89147294,233.25823500169955,180730576.000076,3,3,1073.28,357.76,363.78,1073.28
2018-05-28,17,0,10023.43939975,233.22899717339277,180730576.000076,14,14,18030.7945,1287.91389285714,156.59,18030.7945
2018-05-29,11,0,145660.32203856,233.30636940867157,180730576.000076,7,7,1240.767379,177.252482714286,91.5285,1240.767379
2018-05-30,2,0,123872.91021253,233.32188577604524,180730576.000076,1,1,1459,1459,1459,1459
2018-05-31,18,0,72.74075484,225.3408306678945,180730576.000076,16,16,2484584.829887,155286.551867937,184.500849,2484584.829887
2018-06-01,2,0,99139.09818984,225.33651977935182,180730576.000076,3,3,1823,607.666666666667,800,1823
2018-06-02,16,0,230186.75654473,225.33789596716625,180730576.000076,10,10,785.147585,78.5147585,83.09515,785.147585
2018-06-03,6,0,1064088.73010441,225.34497295162018,180730576.000076,4,4,169.8454,42.46135,27.5,169.8454
2018-06-04,27,0,3470.03072791,225.19340668665882,180730576.000076,23,23,52083.278268,2264.49035947826,6.41,52083.278268
2018-06-05,24,0,3146.85750329,225.2858321474397,180730576.000076,19,18,57432.08131,3190.67118388889,261.9999995,57432.08131
2018-06-06,15,0,5193.96954383,225.1986511137221,180730576.000076,11,11,34796.2333,3163.29393636364,584.5337,34796.2333
2018-06-07,10,0,12038.45287943,225.17601952916567,180730576.000076,8,8,15012.7743,1876.5967875,32.12725,15012.7743
2018-06-08,4,0,44822.93990726,225.18098664834753,180730576.000076,4,4,4032.1,1008.025,1000,4032.1
2018-06-09,12,0,78099.7935265,225.18732269908324,180730576.000076,8,8,2314.098,289.26225,25.523,2314.098
2018-06-10,8,0,6290.18900425,225.13642405640496,180730576.000076,10,10,28732.1376,2873.21376,950.8249,28732.1376
2018-06-11,11,0,29581.16926349,225.12618192939502,180730576.000076,14,14,6109.6495,436.403535714286,125.23875,6109.6495
2018-06-12,11,0,19220.54182188,225.12642673962816,180730576.000076,10,10,9402.9907,940.29907,310.58435,9402.9907
2018-06-13,21,0,83717.13454022,225.12845175000427,180730576.000076,18,18,2158.8242,119.934677777778,12.275,2158.8242
2018-06-14,6,0,114571.45963611,225.13919223481304,180730576.000076,4,4,1577.44849,394.3621225,323.82035,1577.44849
2018-06-15,7,0,189479.26968369,225.14370198488237,180730576.000076,5,5,953.8277,190.76554,55,953.8277
2018-06-16,5,0,1081434.82877354,225.15214175080493,180730576.000076,3,3,167.121098,55.7070326666667,27.074198,167.121098
2018-06-17,7,0,19461.99561309,225.12453827006846,180730576.000076,7,7,9286.3332,1326.61902857143,144,9286.3332
2018-06-18,14,0,36943.46527211,225.11647228955877,180730576.000076,14,14,4892.0851,349.43465,120.2478,4892.0851
2018-06-19,15,0,23591.45243142,225.11140228442088,180730576.000076,22,22,7660.8499,348.22045,190.42585,7660.8499
2018-06-20,17,0,27184.34135428,225.09701820594006,180730576.000076,34,34,6648.33382,195.53923,137.8906,6648.33382
2018-06-21,12,0,40808.7487779,225.14968358136935,180730576.000076,42,42,4428.721326,105.445745857143,78.0322,4428.721326
2018-06-22,4,0,1789836.95135553,225.16116391315032,180730576.000076,2,2,100.976,50.488,50.488,100.976
2018-06-23,4,0,185310.31663435,225.15919629931003,180730576.000076,4,4,975.2861,243.821525,200.5766,975.2861
2018-06-24,12,0,149273.1174782,225.20341982829024,180730576.000076,9,9,1210.7376,134.5264,49.7789,1210.7376
2018-06-25,18,0,25716.70465872,225.2169170246313,180730576.000076,23,23,7027.750188,305.554356,136.1851,7027.750188
2018-06-26,16,0,42429.05744522,225.21067458017745,180730576.000076,25,25,4259.594412,174.29577648,184.8,4357.394412
2018-06-27,18,0,20078.48260222,225.18888977617647,180730576.000076,61,61,9001.206893,147.560768737705,121.97,9001.206893
2018-06-28,67,0,3718.67572723,225.03803623816404,180730576.000076,81,81,48600.789436,600.009746123457,4.999999,48600.789436
2018-06-29,19,0,3921.48311881,224.93012931443096,180730576.000076,20,20,46087.3018,2304.36509,23.5979,46087.3018
2018-06-30,5,0,565113.15025109,224.93823701765038,180730576.000076,6,6,319.813078,53.3021796666667,45.8380085,319.813078
2018-07-01,4,0,723425.51879118,224.96763011687997,180730576.000076,3,3,249.8261,83.2753666666667,34.4737,249.8261
2018-07-02,18,0,8112.23725296,224.90072738504682,180730576.000076,17,17,22278.758666,1310.51521564706,105.5471,22278.758666
2018-07-03,24,0,9498.22293194,224.84552465458924,180730576.000076,20,20,19027.8305,951.391525,120,19027.8305
2018-07-04,21,0,1599.61442273,224.50118147584143,180730576.000076,32,32,112983.8375,3864.63290625,21.8585,123668.253
2018-07-05,16,0,3979.01656773,224.38835965300356,180730576.000076,21,21,45420.915677,2162.90074652381,39.37,45420.915677
2018-07-06,10,0,23309.06642799,237.70687724582365,180730576.000076,8,8,7753.66,969.2075,167,7753.66
2018-07-07,6,0,3029.86000418,238.77613923189344,180730576.000076,6,6,59649.8108,9941.63513333333,12237.28,59649.8108
2018-07-08,14,0,9206.62445516,238.75216453633882,180730576.000076,10,10,19630.4929,1963.04929,292.2378,19630.4929
2018-07-09,8,0,12815.66921421,238.77541349771943,180730576.000076,6,6,14102.3128,2350.38546666667,97.86475,14102.3128
2018-07-10,39,0,1672.38487265,238.39948708190008,180730576.000076,33,33,108067.574011,3274.7749700303,170,108067.574011
2018-07-11,14,0,3981.21527944,238.25919332988232,180730576.000076,9,9,45395.831,5043.98122222222,56,45395.831
2018-07-12,15,0,1797.59276112,237.93715415614486,180730576.000076,11,11,100540.333667,9140.03033336364,104.2448,100540.333667
2018-07-13,9,0,10513.12990807,237.8813479905474,180730576.000076,5,5,17190.9391,3438.18782,102.4391,17190.9391
2018-07-14,10,0,83333.18044339,237.88106004621974,180730576.000076,8,8,2168.770891,271.096361375,118.82235,2168.770891
2018-07-15,5,0,79114.03766508,237.96093182672243,180730576.000076,3,3,2284.4312,761.477066666667,104.4312,2284.4312
2018-07-16,16,0,448.94237793,236.0712871689924,180334365.000076,13,12,401687.107,33473.9255833333,205.228,401687.107
2018-07-17,11,0,70156.39436694,236.06302261520258,180334365.000076,7,7,2570.462274,367.208896285714,32.5117,2570.462274
2018-07-18,10,0,116890.91885068,236.06440671879074,180334365.000076,6,6,1542.757699,257.126283166667,106.7189,1542.757699
2018-07-19,11,0,68751.97435307,236.11359659406415,180334365.000076,9,9,2622.969983,291.441109222222,49.999,2622.969983
2018-07-20,4,0,189017.92403753,236.1106129059431,180334365.000076,2,2,954.0596,477.0298,477.0298,954.0596
2018-07-21,7,0,220403.90516014,236.1335487811213,180334365.000076,6,6,818.1995,136.366583333333,15.25,818.1995
2018-07-22,2,0,4508359.1250019,236.2065130426686,180334365.000076,1,1,40,40,40,40
2018-07-23,14,0,21923.9989836,236.2262085439678,180334365.000076,14,14,8225.4321,587.530864285714,194.09,8225.4321
2018-07-24,17,0,84832.20172343,236.2298630737483,180334365.000076,14,14,2125.777256,151.841232571429,11.25,2125.777256
2018-07-25,5,0,941490.27312151,236.23048297990167,180334365.000076,3,3,191.5414,63.8471333333333,20.96,191.5414
2018-07-26,8,0,89335.24800301,236.28160433601906,180334365.000076,8,8,2018.625,252.328125,78.995,2018.625
2018-07-27,7,0,358877.50061906,236.29105116288005,180334365.000076,8,8,502.4956,62.81195,8.47175,502.4956
2018-07-28,8,0,769016.48187666,236.29942627544074,180334365.000076,6,6,234.5,39.0833333333333,35,234.5
2018-07-29,11,0,1075484.03109519,236.32488955219614,180334365.000076,9,9,167.677399,18.6308221111111,5,167.677399
2018-07-30,3,0,3028386.59568879,236.33773844147706,180334365.000076,2,2,59.548,29.774,29.774,59.548
2018-07-31,15,0,103229.3613536,236.33554269704715,180334365.000076,11,11,1746.929,158.811727272727,34,1746.929
2018-08-01,12,0,41732.66677159,236.36832274924114,180334365.000076,11,11,4321.18,392.834545454545,50,4321.18
2018-08-02,13,0,59150.51980835,236.56383864372114,180334365.000076,15,15,3048.736775,203.249118333333,5.26,3048.736775
2018-08-03,14,0,17290.89659955,236.54015596210542,180334365.000076,13,13,10429.43979,802.264599230769,16,10429.43979
2018-08-04,2,0,4161.5942815,236.39319085457933,180334365.000076,1,1,43333,43333,43333,43333
2018-08-05,6,0,78319.0561117,236.41098021045454,180334365.000076,4,4,2302.5605,575.640125,146.28025,2302.5605
2018-08-06,17,0,33084.65526564,236.40656060576205,180334365.000076,12,12,5450.694999,454.22458325,122.5,5450.694999
2018-08-07,2,0,2590873.25817559,236.4210700460319,180334365.000076,1,1,69.6037,69.6037,69.6037,69.6037
2018-08-08,5,0,599471.19961837,236.45710503657017,180334365.000076,4,4,300.8224,75.2056,57.90375,300.8224
2018-08-09,221,0,3451.94614447,236.29056657852394,180334365.000076,217,217,52241.361091,240.743599497696,4.999999,52241.361091
2018-08-10,1733,0,7282.90507594,236.2308412446019,180334365.000076,1730,1729,24761.323005,14.3211816107577,4.999999,24761.323005
2018-08-11,8,0,442985.62688069,236.23115913398033,180334365.000076,5,5,407.088524,81.4177048,14.960524,407.088524
2018-08-12,12,0,56904.24991221,236.29670853641173,180334365.000076,10,10,3169.0843,316.90843,100.5671,3169.0843
2018-08-13,10,0,25790.47508859,236.27827869969096,180334365.000076,7,7,6992.2855,998.897928571429,17.5301,6992.2855
2018-08-14,25,0,1303.07375273,235.8103975578118,180334365.000076,24,24,138391.5259,5766.31357916667,156.59,138391.5259
2018-08-15,8,0,1412.40057248,235.3822720933285,180334365.000076,8,8,127679.3344,15959.9168,115.03495,127679.3344
2018-08-16,3,0,1467487.19346776,235.38331875310965,180334365.000076,2,2,122.8865,61.44325,61.44325,122.8865
2018-08-17,5,0,196069.53325216,235.38830090459953,180334365.000076,6,6,919.747,153.291166666667,25,919.747
2018-08-18,11,0,275148.5311808,235.3882040584449,180334365.000076,8,8,655.407333,81.925916625,29.1229,655.407333
2018-08-19,11,0,129640.3853269,235.40953093174465,180334365.000076,7,7,1391.035398,198.719342571429,50,1391.035398
2018-08-20,17,0,25031.57656327,235.45745862891664,180334365.000076,13,13,7204.27515,554.175011538462,125,7204.27515
2018-08-21,458,0,1144.19490029,234.92765122842818,180334365.000076,454,454,157608.083163001,347.154368200441,4.999999,157608.083163
2018-08-22,2162,0,2944.8245057,3577.0592325895245,180334365.000076,2160,2160,61237.728989,46.8690874949074,4.999999,101237.228989
2018-08-23,5094,0,2327.98965041,3517.0665003270988,180334365.000076,5091,5091,77463.5595859998,15.2157846368101,4.999999,77463.559586
2018-08-24,8565,0,3671.76000478,3486.363554511884,180334365.000076,8563,8563,49113.8758429995,5.73559218066098,4.999999,49113.875843
2018-08-25,180,0,4413.68854779,3456.8212347467893,180334365.000076,178,178,40857.97243,229.539170955056,0.999999,40857.97243
2018-08-26,66,0,24421.01421423,3464.6775985776508,180334365.000076,64,64,7384.392942,115.38113971875,0.009999,7384.392942
2018-08-27,74,0,2436.86245274,3411.685039539881,180334365.000076,70,70,74002.685214,1057.18121734286,0.009999,74002.685214
2018-08-28,43,0,5807.2408333,3390.5923230056787,180334365.000076,38,38,31053.36427,817.193796578947,0.009999,31053.36427
2018-08-29,40,0,76171.26582671,7042.5251829753415,180334365.000076,37,37,2367.485469,63.9860937567568,0.009999,2367.485469
2018-08-30,34,0,202008.74253372,7045.369195465996,180334365.000076,28,28,892.705745,31.8823480357143,0.019999,892.705745
2018-08-31,33,0,3393.6678281,6888.812557217703,180334365.000076,30,30,53138.484417,3437.94948056667,0.009999,103138.484417
2018-09-01,30,0,210713.06157558,6886.8073692921425,180334365.000076,27,27,855.829077,31.6973732222222,0.009999,855.829077
2018-09-02,25,0,60672.05689817,7033.375481038687,180334365.000076,23,23,2972.280391,129.229582217391,0.009999,2972.280391
2018-09-03,34,0,54913.79538649,7202.381576423895,180334365.000076,30,30,3283.953763,109.465125433333,0.009999,3283.953763
2018-09-04,29,0,68911.43924503,7306.722523683315,180334365.000076,24,24,2616.900285,109.037511875,0.0599995,2616.900285
2018-09-05,27,0,3450.19590325,7186.195008078964,180334365.000076,23,23,52267.86248,2272.51576,0.009999,52267.86248
2018-09-06,14,0,7401.60133358,7122.078806684991,180334365.000076,11,11,24364.23645,2214.93058636364,109.844398,24364.23645
2018-09-07,390,0,90166.55512115,7123.0605508665685,180334365.000076,387,387,2000.01391599999,5.16799461498708,4.999999,2000.013916
2018-09-08,145,0,12633.73867514,7168.5476520117645,180334365.000076,143,143,14274.030011,99.8183916853147,0.099999,14274.030011
2018-09-09,3044,0,2807.50324441,6989.122432677851,180334365.000076,3047,3047,64233.003242,21.0807362133246,0.999999,64233.003242
2018-09-10,31,0,32005.71695413,7000.4830976939,180334365.000076,30,30,5634.442286,187.814742866667,0.059999,5634.442286
2018-09-11,17,0,706979.54809805,7006.236185628054,180334365.000076,17,17,255.077202,15.0280707058824,6.145,255.477202
2018-09-12,9,0,932.40226327,6470.42121205047,180334365.000076,14,14,193408.3304,13814.8807428571,1,193408.3304
2018-09-13,13,0,14827.09256082,6441.636522539814,180334365.000076,13,13,12162.49,935.576153846154,10,12162.49
2018-09-14,12,0,3460.17619432,6311.501757148629,180334365.000076,10,10,52117.1047,5211.71047,2925.29185,52117.1047
2018-09-15,6,0,4183723.22588262,6334.270131064312,180334365.000076,4,4,43.103799,10.77594975,9,43.103799
2018-09-16,10,0,593205.14802657,6345.632842585456,180334365.000076,8,8,304,38,17,304
2018-09-17,15,0,46425.07035226,6355.016070841326,180334365.000076,14,14,3884.4177,277.458407142857,67,3884.4177
2018-09-18,8,0,12510.54730229,6335.749467536757,180334365.000076,8,8,14414.5864,1801.8233,155,14414.5864
2018-09-19,12,0,2598024.91208415,6346.549681319032,180334365.000076,7,7,69.4121,9.91601428571428,11,69.4121
2018-09-20,8,0,2170088.62815976,6346.594045017581,180334365.000076,11,11,83.1,7.60909090909091,0.1,83.7
2018-09-21,8,0,21757.9722886,6328.496878617215,180334365.000076,6,6,8288.1972,1381.3662,1582.4487,8288.1972
2018-09-22,8,0,94345.60795809,6326.768318193579,180334365.000076,6,6,1911.423,318.5705,300,1911.423
2018-09-23,8,0,55893.03788837,6336.157388274286,180334365.000076,8,8,3226.4191,792.0523875,44,6336.4191
2018-09-24,2,0,1245133.9247806,6346.352076570203,180334365.000076,1,1,144.8313,144.8313,144.8313,144.8313
2018-09-25,21,0,2124.84567258,6163.5039382211735,180334365.000076,16,16,84869.3942,5304.3371375,156.59,84869.3942
2018-09-26,8,0,1665.37771632,6026.902381502309,180334365.000076,6,6,108284.3629,18047.3938166667,13440,108284.3629
2018-09-27,26,0,8342.84280469,6082.173551765306,180334365.000076,26,26,21615.457611,885.402215807692,348.5,23020.457611
2018-09-28,8,0,8429.20675386,6034.516093571821,180334365.000076,9,9,21393.99,4730.99888888889,149,42578.99
2018-09-29,13,0,178001.4776342,6032.804011860828,180334365.000076,13,13,1013.106,77.9312307692308,86,1013.106
2018-09-30,131,0,52190.33629584,6075.311525682501,180334365.000076,130,130,3455.321,26.5793923076923,6.5,3455.321
2018-10-01,26,0,10384.34616796,6079.093145512403,180334365.000076,22,22,17365.98165,790.726438636364,34.09,17395.98165
2018-10-02,4,0,3097.33561249,6206.394156738055,180334365.000076,4,4,58222.4168,14555.6042,3032.99345,58222.4168
2018-10-03,13,0,41900.65998972,6305.537259438224,180334365.000076,10,10,4303.855,430.3855,134.2584,4303.855
2018-10-04,12,0,42034.4716281,6314.03344304211,180334365.000076,12,12,4290.1542,357.51285,29.86835,4290.1542
2018-10-05,15,0,5265.88403074,6377.0578355764,180334365.000076,17,17,34245.7912,2014.45830588235,757,34245.7912
2018-10-06,40,0,272.61305495,5092.675892071532,180334365.000076,79,79,661503.0415,8997.53217088608,10583.2587,710805.0415
2018-10-07,17,0,411.33393575,4494.303012214516,180334365.000076,30,30,438413.5354,14613.7845133333,16000,438413.5354
2018-10-08,23,0,1534.14269453,4482.536115923808,180334365.000076,21,21,117547.321799,5626.82484757143,1470.960999,118163.321799
2018-10-09,99,0,582.10759626,4177.480990125405,180334365.000076,96,96,309795.58789,3227.03737385417,947.15,309795.58789
2018-10-10,4,0,1992644.91712791,4288.355963230251,180334365.000076,3,3,90.5,30.1666666666667,10,90.5
2018-10-11,8,0,399524.30663192,4307.407498867185,180334365.000076,8,8,451.3727,102.4215875,61.75,819.3727
2018-10-12,71,0,1758.13475148,4195.609217833142,180334365.000076,71,71,102571.4126,1444.66778309859,332.13,102571.4126
2018-10-13,19,0,541.01378392,3864.8652757981713,180334365.000076,28,28,333326.7476,11904.5267,14000,333326.7476
2018-10-14,63,0,167.72844436,3330.7092977433335,180334365.000076,93,93,1075156.725437,11560.8250046989,14000,1075156.725437
2018-10-15,40,0,363.09282762,3024.078295079707,180334365.000076,51,51,496661.876199,10935.6054156667,9009.66,557715.876199
2018-10-16,176,0,297.52056277,2717.9089997337983,180334365.000076,191,191,606124.038363,3173.42428462304,4.999999,606124.038363
2018-10-17,25,0,1104.54834572,2646.709003696818,180334365.000076,24,24,163265.252896,9052.76053733333,2153.66,217266.252896
2018-10-18,17,0,2685.02466469,2618.4378051112926,180334365.000076,16,16,67163.019905,4197.6887440625,17,67163.019905
2018-10-19,29,0,2769.38513912,2591.5543420570375,180334365.000076,27,27,65117.112984,2411.74492533333,14.7442,65117.112984
2018-10-20,13,0,5838.52998456,2578.852171275011,180334365.000076,10,10,30886.946796,3088.6946796,58.4301995,30886.946796
2018-10-21,12,0,42156.65278171,2580.470809697041,180334365.000076,8,8,4277.720196,534.7150245,47.1,4277.720196
2018-10-22,9,0,3436.20953486,2559.9754808458756,180334365.000076,7,7,52480.607824,7497.22968914286,29,52480.607824
2018-10-23,14,0,36656.76020545,2558.067807069034,180334365.000076,11,11,4919.539097,447.230827,80.0321,4919.539097
2018-10-24,20,0,2873.20565531,2533.8084518800115,180334365.000076,18,18,62764.168888,3486.89827155556,311.249999,62764.168888
2018-10-25,20,0,25952.49484975,2531.261097971524,180334365.000076,17,17,6948.63311,408.743124117647,115.4797,6948.63311
2018-10-26,23,0,3428.52095387,2510.756480714687,180334365.000076,22,22,52598.297466,2390.831703,37.199999,52598.297466
2018-10-27,10,0,29409.72569494,2508.442105554351,180334365.000076,6,6,6131.793505,1021.96558416667,219.3899995,6131.793505
2018-10-28,7,0,13321.30913445,2503.22775246185,180334365.000076,5,5,13537.285501,2707.4571002,45,13537.285501
2018-10-29,45,0,4495.03278301,2488.5003001127275,180334365.000076,50,50,40118.587273,802.37174546,50,40118.587273
2018-10-30,28,0,384.606183,2323.0325976598588,180334365.000076,45,45,468880.56659,10419.5681464444,120,468880.56659
2018-10-31,34,0,148.82390109,1980.419989618891,180334365.000076,59,59,1211729.861086,21046.2857811186,27999.5,1241730.861086
2018-11-01,37,0,342.6127446,1861.224767852551,180138154,60,59,525777.738392,8911.48709138983,11000.5,525777.738392
2018-11-02,40,0,297.7629273,1748.4868458063936,180138154,49,49,604971.73249,12346.361887551,11001,604971.73249
2018-11-03,35,0,203.77528143,1596.6601424963133,180138154,69,69,884003.951478,12811.6514706957,11001,884003.951478
2018-11-04,19,0,722.05821949,1559.1885127161756,180138154,17,17,249478.711185,14675.218305,14999.999999,249478.711185
2018-11-05,23,0,827.16923826,1527.2126386920672,180138154,25,25,217776.660046,8711.06640184,1000,217776.660046
2018-11-06,16,0,1579.02541684,1511.017278682685,180138154,18,18,114081.858391,6337.88102172222,595.4999995,114081.858391
2018-11-07,20,0,4853.26562584,1513.1502415624493,180138154,19,19,37116.895692,1953.52082589474,51.904799,37116.895692
2018-11-08,23,0,6489.88435569,1512.7273252024684,180138154,26,26,27756.758692,1067.567642,142.4499995,27756.758692
2018-11-09,22,0,695.69629426,1477.0966511254062,180138154,21,21,258932.174119,12330.1035294762,199.369999,258932.174119
2018-11-10,35,0,585.18835281,1437.2038176704548,180138154,39,39,307829.356367,7893.06041966667,966.179999,307829.356367
2018-11-11,50,0,765.4896859,1408.6902192539553,180138154,54,54,235324.077277,4357.85328290741,84.8999995,235324.077277
2018-11-12,45,0,905.1059499,1401.3076282793606,180138154,59,59,199024.383853,3373.29464157627,125,199024.383853
2018-11-13,22,0,5742.06793162,1413.070409106312,180138154,22,22,31371.651493,1425.98415877273,100.8192995,31371.651493
2018-11-14,9,0,53577.92757164,1412.6715625198065,180138154,8,8,3362.170994,420.27137425,92.8205,3362.170994
2018-11-15,17,0,8435.63553569,1410.16066262263,180138154,14,14,21354.425904,1525.316136,77.894999,21354.425904
2018-11-16,20,0,35379.86242028,1409.6167533972289,180138154,17,17,5091.544785,299.502634411765,27,5091.544785
2018-11-17,38,0,17435.02056926,1408.5217903880675,180138154,37,37,10331.972554,279.242501459459,8.999999,10331.972554
2018-11-18,38,0,11601.35440172,1407.5040238099446,180138154,37,37,15527.338254,419.657790648649,23.999999,15527.338254
2018-11-19,34,0,3258.5204408,1420.1197404562051,180138154,38,38,55282.192416,1454.79453726316,33.6730995,55282.192416
2018-11-20,50,0,733.8259196,1397.5652246303114,180138154,57,57,245478.04757,4306.63241350877,5,245478.04757
2018-11-21,41,0,21540.09316844,1405.939990933973,180138154,40,40,8362.923623,209.073090575,33.591527,8362.923623
2018-11-22,37,0,9263.96983643,1409.5666343595612,180138154,36,36,19445.028123,540.139670083333,67.9743985,19445.028123
2018-11-23,30,0,49215.28228608,1414.140113249354,180138154,28,28,3660.207676,130.721702714286,9.049999,3660.207676
2018-11-24,29,0,5470.84111952,1410.9964598947806,180138154,28,28,32926.957677,1175.96277417857,108.1099995,32926.957677
2018-11-25,29,0,797.75616375,1392.597859908441,180138154,27,27,225806.032202,8363.18637785185,34.879999,225806.032202
2018-11-26,29,0,1953.09883046,1385.3179409531333,180138154,26,26,92231.970646,3547.38348638462,48.675,92231.970646
2018-11-27,21,0,177.66066247,1275.1017767727049,180138154,36,36,1013945.076493,28165.1410136944,11.7943,1013945.076493
2018-11-28,13,0,13407.48870773,1273.8451326211778,180138154,20,20,13435.637197,671.78185985,66.7665495,13435.637197
2018-11-29,18,0,178.20383453,1184.6969583762618,180138154,37,37,1010854.53339,27320.3927943243,9.999999,1010854.53339
2018-11-30,26,0,5668.82992779,1182.0261579053808,180138154,30,30,31776.955085,1059.23183616667,66.77285,31776.955085
2018-12-01,23,0,5419.01876824,1179.4232748017153,180138154,19,19,33241.839843,1749.57051805263,71.0157,33241.839843
2018-12-02,5,0,83833.73465798,1179.5206837732994,180138154,3,3,2148.75497,716.251656666667,80.7793,2148.75497
2018-12-03,9,0,20832.89707912,1179.0034541293032,180138154,8,8,8646.812458,1080.85155725,195.234387,8646.812458
2018-12-04,10,0,5646.74990587,1180.7522749140423,180138154,11,11,31901.2099,2900.10999090909,188.18,31901.2099
2018-12-05,17,0,3818.18566577,1178.7935918200108,180138154,19,19,47178.992791,2483.10488373684,10.6701,47178.992791
2018-12-06,8,0,43543.60550204,1178.6104643879514,180138154,6,6,4136.959995,689.4933325,3.209999,4136.959995
2018-12-07,38,0,2603.56223738,1173.9239101871935,180138154,63,63,69189.109987,1098.23984106349,100,69189.109987
2018-12-08,31,0,33253.33946479,1178.9447878317778,180138154,29,29,5417.144771,186.798095551724,0.019999,5417.144771
2018-12-09,47,0,5785.79630212,1176.7626804374643,180138154,51,51,31134.548227,610.481337784314,6.499999,31134.548227
2018-12-10,20,0,226398.31221508,1176.7165080753348,180138154,20,20,795.669156,39.7834578,4.999999,795.669156
2018-12-11,27,0,53348.36691148,1193.173607850273,180138154,29,29,3376.638582,116.435813172414,10,3376.638582
2018-12-12,28,0,24804.50923115,1193.604062416532,180138154,50,50,7262.31478,145.2462956,100,7262.31478
2018-12-13,39,0,2904.21312042,1192.7338957012623,180138154,74,74,62026.49273,838.195847702703,50,62026.49273
2018-12-14,21,0,1243.10760806,1180.156156013644,180138154,24,24,144909.541887,6037.897578625,39.9343995,144909.541887
2018-12-15,36,0,1740.68982908,1171.3580821774385,180138154,37,37,103486.64707,2796.9364072973,6.399999,103486.64707
2018-12-16,39,0,17919.88426241,1170.8363087262921,180138154,36,36,10052.417268,279.233813,0.019999,10052.417268
2018-12-17,30,0,404.35086203,1135.4860411042769,180138154,35,35,445499.616582,12728.5604737714,47.2042,445499.616582
2018-12-18,29,0,3908.11734291,1131.8376504606128,180138154,33,33,46093.332977,1396.7676659697,6.499999,46093.332977
2018-12-19,21,0,297.92002093,1086.0010407437417,180138154,30,30,604652.730086,20155.0910028667,62.1335495,604652.730086
2018-12-20,31,0,9472.18444327,1085.2210749926305,180138154,35,35,19017.593574,543.3598164,39.999999,19017.593574
2018-12-21,20,0,1441.06379371,1076.3524773991535,180138154,22,22,125003.594418,5681.98156445455,10.499999,125003.594418
2018-12-22,16,0,35455.18633068,1076.2199854751461,180138154,20,20,5080.727889,254.03639445,77.09195,5080.727889
2018-12-23,22,0,2772.08705818,1071.6076756303082,180138154,32,32,64982.863171,2030.71447409375,91.479,64982.863171
2018-12-24,20,0,151127.64780676,1077.5675962440116,180138154,18,18,1191.960284,66.2200157777778,0.019999,1191.960284
2018-12-25,41,0,3650.87178084,1081.8057774817673,180138154,54,54,49341.134067,913.724704944444,9.1800495,49341.134067
2018-12-26,29,0,3532.9711857,1079.689671278364,180138154,42,42,50987.722382,1213.99339004762,50,50987.722382
2018-12-27,64,0,5178.09453893,1078.7274181015596,180138154,96,96,34788.502343,362.380232739583,30,34788.502343
2018-12-28,18,0,100769.82541592,1078.671829966733,180138154,17,17,1787.619987,105.154116882353,9.999999,1787.619987
2018-12-29,36,0,6062.98462748,1076.7907903724652,180138154,48,48,29711.134873,618.981976520833,53.9279,29711.134873
2018-12-30,13,0,72241.17907115,1077.8554852468571,180138154,16,16,2493.566084,155.84788025,8.4075495,2493.566084
2018-12-31,10,0,171246.38838151,1081.9679163851556,180138154,8,8,1051.923814,131.49047675,7.9736995,1051.923814
2019-01-01,20,0,3310.11374052,1078.3611941914487,180138154,25,25,54420.532985,2176.8213194,39.7725,54420.532985
2019-01-02,38,0,8822.03365284,1077.2055580638714,180138154,37,37,20419.118889,551.868078081081,5.5,20419.118889
2019-01-03,202,0,535.27016055,1055.9956946422324,180138154,217,217,336536.887868,1550.86123441475,798.11,336536.887868
2019-01-04,160,0,476.01513274,1075.8318570831436,180138154,171,171,378429.469172,2213.0378314152,1515.15,378429.469172
2019-01-05,12,0,104497.41407843,1107.937728789655,180138154,10,10,1723.852744,172.3852744,49.5003165,1723.852744
2019-01-06,28,0,84020.01466438,1116.7449616665729,180138154,24,24,2143.990985,89.3329577083333,15.9,2143.990985
2019-01-07,23,0,50123.86535699,1140.8066142570863,180138154,25,25,3593.859985,143.7543994,38.999999,3593.859985
2019-01-08,18,0,288042.49692135,1140.7636782274694,180138154,19,19,625.38742,32.9186010526316,0.019999,625.45342
2019-01-09,21,0,1777.2246631,1132.7210959058261,180138154,18,18,101359.247224,5631.06929022222,27.6286185,101359.247224
2019-01-10,164,0,628.91625436,1118.3552982917765,180138154,311,311,286426.297224,920.984878533762,485.68,286426.297224
2019-01-11,17,0,145.35762293,1052.5760735592783,180138154,17,17,1239275.590588,72898.5641522353,208,1239275.590588
2019-01-12,13,0,581691.293648,1131.5386550391186,180138154,11,11,309.67999,28.1527263636364,0.019999,309.67999
2019-01-13,5,0,658893.3764659,1172.147935972476,180138154,3,3,273.394999,91.1316663333333,21.375,273.394999
2019-01-14,9,0,452.33298135,1190.0337914750676,180138154,7,7,398242.36,56891.7657142857,274,398242.36
2019-01-15,11,0,452.48772592,1169.867706617062,180138154,10,10,398106.166599,39810.6166599,68.50805,398106.166599
2019-01-16,6,0,880.08344024,1158.3728690248224,180138154,5,5,204683.039997,40936.6079994,0.999999,204683.039997
2019-01-17,156,0,462.8676876,1132.1587788261247,180138154,153,153,389178.503548,2543.65034998693,613.317757,389178.503548
2019-01-18,14,0,823.01531236,1116.2773962713354,179939916,13,12,218634.955264,18219.5796053333,342.679127,218634.955264
2019-01-19,147,0,1078.83191903,1103.9114784747717,179939916,146,146,166791.427679,1142.40703889726,614.7180685,166791.427679
2019-01-20,4,0,83710.70360056,1107.7118594376238,179939916,5,5,2149.5449,429.90898,500,2149.5449
2019-01-21,12,0,125106.56111362,1107.9756879412246,179939916,9,9,1438.293199,159.810355444444,101.2,1438.293199
2019-01-22,9,0,5415.8770691,1110.219437412192,179939916,8,8,33224.52,4153.065,2700,33224.52
2019-01-23,11,0,8729.88814487,1109.1804822808601,179939916,7,7,20611.938322,2944.56261742857,32.511599,20611.938322
2019-01-24,152,0,34.6779957,820.5284736003775,179939916,151,151,5188878.779138,34363.4356234305,681.228373,5188878.779138
2019-01-25,3,0,433719.29765064,820.7662150997055,179939916,2,2,414.876435,207.4382175,207.4382175,414.876435
2019-01-26,165,0,842.22748346,812.525666910296,179939916,164,164,213647.642157,1302.72952534756,612.086505,213647.642157
2019-01-27,8,0,119861.30525754,814.1030200416917,179939916,7,7,1501.234411,214.462058714286,29.151,1501.234411
2019-01-28,11,0,11148.88709415,833.0629550417834,179939916,14,14,16139.719999,1152.83714278571,188.18,16139.719999
2019-01-29,5,0,592414.29048665,888.4268191115873,179939916,3,3,303.739999,101.246666333333,149.999999,303.739999
2019-01-30,11,0,2994.72557098,911.7190762127832,179939916,10,10,60085.611097,6008.5611097,50,60085.611097
2019-01-31,2,0,4256474.74594554,943.8634463208834,179939916,1,1,42.2744,42.2744,42.2744,42.2744
2019-02-01,6,0,10464.95964178,994.084531219168,179939916,7,7,17194.516,2456.35942857143,9.4864,17194.516
2019-02-02,9,0,7485.81812498,1008.0341376429855,179939916,6,6,24037.441599,4006.2402665,42.5451,24037.441599
2019-02-03,9,0,2861.73919991,1017.8479168076088,179939916,11,11,62877.817799,5716.16525445454,2032.52,62877.817799
2019-02-04,2,0,1499499.3,1025.19097834478,179939916,1,1,120,120,120,120
2019-02-05,2,0,106566.26904176,1027.4954205238982,179939916,1,1,1688.526,1688.526,1688.526,1688.526
2019-02-06,9,0,56119.41633534,1029.0983892429438,179939916,11,11,3206.3754,291.488672727273,38.18,3206.3754
2019-02-07,4,0,34432.50248239,1045.9613474450207,179939916,3,3,5225.873899,1741.95796633333,12.93,5225.873899
2019-02-08,2,0,34603.7375082,1066.8132187378806,179939916,1,1,5200.013899,5200.013899,5200.013899,5200.013899
2019-02-09,6,0,18908.730759,1082.9216942546143,179939916,6,6,9516.2345,1586.03908333333,75,9516.2345
2019-02-10,13,0,18876.84484232,1096.8197271592562,179939916,12,12,9532.308895,794.359074583333,50,9532.308895
2019-02-11,15,0,40300.91646311,1098.8221406271834,179939916,17,17,4464.908786,262.641693294118,50,4464.908786
2019-02-12,8,0,51637.43023439,1098.813006882129,179939916,6,6,3484.679915,580.779985833333,137.46445,3484.679915
2019-02-13,20,0,1176.75702991,1089.0915130872174,179939916,33,33,152911.69836,4633.68782909091,235.4594,152911.69836
2019-02-14,7,0,1455.69836845,1080.4796022401767,179939916,7,7,123610.714898,17658.6735568571,10000,123610.714898
2019-02-15,7,0,599.16238819,1059.9717778991803,179939916,10,10,300319.111389,30031.9111389,101.60845,300319.111389
2019-02-16,6,0,739942.54705722,1061.0332162098841,179939916,5,5,243.180929,48.6361858,38.453189,243.180929
2019-02-17,12,0,36850.10242333,1064.5483976186272,179939916,16,16,4883.023497,305.1889685625,100,4883.023497
2019-02-18,11,0,2.8947686,209.97158580395782,179939916,12,12,62160379.850899,5180031.65424158,300,62160379.850899
2019-02-19,8,0,6415.67964119,209.9180119347448,179939916,8,8,28046.898546,3505.86231825,1.9999995,28046.898546
2019-02-20,10,0,2136.4807163,209.7418997504861,179939916,9,9,84222.579042,9358.064338,3549.106,84222.579042
2019-02-21,7,0,48175.5742225,209.74169634791025,179939916,4,4,3735.086066,933.7715165,77.9999995,3735.086066
2019-02-22,6,0,47539.95819367,209.8208884425,179939916,4,4,3785.0247,946.256175,105.0123505,3785.0247
2019-02-23,5,0,3371.05017048,210.2906815049741,179939916,3,3,53378,17792.6666666667,25000,53378
2019-02-24,6,0,362710.88476038,210.5414811277763,179939916,5,5,496.09737,99.219474,34.3642,496.09737
2019-02-25,6,0,3583190.94354339,213.35377633030015,179939916,3,3,50.217786,16.739262,18,50.217786
2019-02-26,13,0,27690.10596883,213.3732774794522,179939916,16,16,6498.346962,406.146685125,100.9999995,6498.346962
2019-02-27,14,0,42216.89081083,216.2411639989019,179939916,16,16,4262.273051,266.3920656875,90,4262.273051
2019-02-28,6,0,3013.90234716,216.1605595707625,179939916,4,4,59703.299999,14925.82499975,14937.7999995,59703.299999
2019-03-01,16,0,6888.43203992,216.18110389128628,179939916,24,23,26122.042717,1135.74098769565,1000,26122.042717
2019-03-02,5,0,1451128.36654136,216.18694707646324,179939916,3,3,123.999999,41.333333,12,123.999999
2019-03-03,13,0,107558.53864393,216.2070751776492,179939916,11,11,1672.948687,152.086244272727,114.999999,1672.948687
2019-03-04,11,0,3279.1779483,216.1407863131074,179939916,12,12,54873.483183,4572.79026525,83.4999995,54873.483183
2019-03-05,17,0,2513.55559696,216.07039670695772,179939916,19,19,71587.800253,3767.77896068421,95.199999,71587.800253
2019-03-06,8,0,5870.17690827,215.99398156546783,179939916,8,8,30653.235637,7541.901654375,215.3872645,60335.213235
2019-03-07,10,0,55142.39698814,216.1840681799255,179939916,8,8,3263.186329,407.898291125,110,3263.186329
2019-03-08,12,0,148290.62195247,216.19620025865711,179939916,10,10,1213.427482,121.3427482,32.5,1213.427482
2019-03-09,8,0,73580.48933371,216.27903429745504,179939916,7,7,2445.48409,349.35487,298.76,2445.48409
2019-03-10,6,0,228148.83423575,216.27905444077675,179939916,5,5,788.695312,157.7390624,153.169346,788.695312
2019-03-11,17,0,2219.83348728,216.05490527979984,179939916,18,18,81060.096188,4536.01534377778,100.4999995,81648.276188
2019-03-12,10,0,257103.92118341,216.07382269397857,179939916,12,12,699.872313,58.32269275,17.625464,699.872313
2019-03-13,11,0,8862.44290605,216.19417378627438,179939916,10,10,20303.647415,2030.3647415,850,20303.647415
2019-03-14,16,0,14341.01074436,216.57686666746807,179939916,16,16,12547.226915,784.2016821875,158.8594995,12547.226915
2019-03-15,12,0,11831.057831,216.83285331500795,179939916,10,10,15209.114736,1524.9114736,99.5945,15249.114736
2019-03-16,11,0,1807.349377,216.57330370466372,179939916,9,9,99560.117313,11062.235257,2741.894585,99560.117313
2019-03-17,7,0,21316.23266213,217.84658657787193,179939916,5,5,8441.450178,1688.2900356,498.200066,8441.450178
2019-03-18,21,0,21038.41932458,217.95665174842787,179939916,25,25,8552.919933,342.11679732,144.41385,8552.919933
2019-03-19,22,0,6722.89356706,219.66511040900883,179939916,25,25,26765.248357,1084.15842416,239.212247,27103.960604
2019-03-20,20,0,2059.02886334,219.4615774761853,179939916,24,24,87390.671983,3641.27799929167,258.4771625,87390.671983
2019-03-21,33,0,3997.89925018,219.6997440148315,179939916,36,36,45008.616961,1250.23936002778,131.999517,45008.616961
2019-03-22,22,0,9447.48515092,219.65812742818915,179939916,26,26,19046.329592,732.551138153846,58.2859685,19046.329592
2019-03-23,20,0,9617.10869492,219.79607683668004,179939916,20,20,18710.39641,935.5198205,238.5616695,18710.39641
2019-03-24,26,0,8729.26474255,219.73815570472436,179939916,30,30,20613.410328,687.1136776,242.5,20613.410328
2019-03-25,37,0,10142.68969629,219.8324136992032,179939916,45,45,17740.847979,406.152177311111,137.467649,18276.847979
2019-03-26,28,0,4308.47252002,219.85994105723393,179939916,31,31,41764.201852,2314.97425329032,141.327882,71764.201852
2019-03-27,35,0,4141.30693542,219.83409075126252,179939916,37,37,43450.031308,1174.32517048649,100,43450.031308
2019-03-28,31,0,11367.02643926,219.7921942556029,179939916,37,37,15829.9901,427.83757027027,34.4808,15829.9901
2019-03-29,46,0,2070.50126787,219.62171247347365,179939916,64,64,86906.450526,1357.91328946875,95.374,86906.450526
2019-03-30,37,0,1962.33674333,219.35635222978271,179939916,58,58,91696.757252,1622.89675606897,478.1449495,94128.011852
2019-03-31,33,0,886.2220216,218.7578401215641,179939916,45,45,203041.576054,4512.03502342222,1500,203041.576054
2019-04-01,63,0,1014.31442484,218.39503714182845,179939916,76,76,177400.529454,2334.21749281579,664.0004495,177400.529454
2019-04-02,180,0,370.2659605,217.03243523929928,179939916,266,266,485974.772715,1826.97282975564,604.9999995,485974.772715
2019-04-03,771,0,30.76325378,202.10158651333808,179939916,1716,1715,5849183.487244,3417.46409751837,1901.999999,5860950.927244
2019-04-04,137,0,271.21273223,201.38523697493042,179939916,204,204,663464.11733,3292.31920259804,1599.7,671633.11733
2019-04-05,87,0,477.28896323,200.44979044429303,179939916,119,119,377004.141856,3168.10203240336,999.999999,377004.141856
2019-04-06,61,0,1184.85927932,200.07900477891306,179939916,68,68,151866.064722,2244.24581061765,209.0204985,152608.715122
2019-04-07,73,0,14415.76897395,200.05703609868593,179939916,77,77,12482.158692,186.641032597403,0.009999,14371.35951
2019-04-08,87,0,4363.51035576,199.95671909494263,179939916,119,119,41237.421555,480.549760966387,99.3,57185.421555
2019-04-09,254,0,1130.66258234,199.8141527166398,179939916,470,470,159145.547762,346.668612259575,91.3,162934.247762
2019-04-10,40,0,16238.65394064,200.49529545642008,179939916,49,49,11080.962539,226.142092632653,98.7,11080.962539
2019-04-11,27,0,6760.42228424,203.5512479569397,179939916,30,30,26616.668077,887.222269233333,42.61025,26616.668077
2019-04-12,37,0,8839.805691,203.49997421677506,179939916,59,59,20355.641548,417.079687254237,246.808598,24607.701548
2019-04-13,31,0,4831.32175081,203.40547704530798,179939916,38,37,37244.448886,1021.48510502703,55,37794.948886
2019-04-14,33,0,6117.3239574,204.35213952377083,179939916,45,45,29414.809033,653.662422955556,10,29414.809033
2019-04-15,18,0,10327.87150126,205.3385179125875,179939916,19,19,17422.749303,943.302594894737,500,17922.749303
2019-04-16,30,0,31187.59773173,205.85771431927424,179939916,37,35,5769.598465,170.440430657143,39,5965.415073
2019-04-17,18,0,15281.56866078,206.8500502659447,179939916,16,16,11774.963683,1286.9430426875,221.9999995,20591.088683
2019-04-18,33,0,2294.44397522,207.22115889954347,179939916,49,49,78424.192503,1691.61617353061,261,82889.192503
2019-04-19,67,0,594.46431848,206.86143720344933,179939916,113,113,302692.542521,2729.23880053982,755.5494,308403.984461
2019-04-20,43,0,734.99567657,206.22220646998898,179939916,89,89,244817.652316,2992.28813950562,1098.199999,266313.644416
2019-04-21,30,0,3164.51196559,206.0767648819607,179939916,38,38,56861.821967,1504.25847281579,629.2262495,57161.821967
2019-04-22,28,0,501.51880269,205.22654579554177,179939916,39,39,358789.96966,9275.38140153846,639.454034,361739.87466
2019-04-23,40,0,681.32277691,204.277362015044,179659415,61,60,263692.072375,4586.87251291667,732.4999995,275212.350775
2019-04-24,46,0,4091.36344048,218.4783564145606,179659415,63,63,43911.868895,1055.43494484127,153.5,66492.401525
2019-04-25,34,0,2540.04313741,218.270976864697,179659415,72,72,70730.851911,1039.86787293056,385.6,74870.486851
2019-04-26,24,0,1875.30949755,218.61875514213403,179659415,32,32,95802.540986,2994.46512925,348.3179995,95822.884136
2019-04-27,36,0,896.04608248,218.0321159460708,179659415,75,75,200502.427847,2767.68874729333,732.1564,207576.656047
2019-04-28,23,0,4828.84206589,217.97020002277105,179659415,37,37,37205.485818,1005.6342112973,333.92645,37208.465818
2019-04-29,140,0,936.17552146,217.40865285949937,179659415,278,278,191907.832326,735.097994086331,501,204357.242356
2019-04-30,82,0,1375.71492683,217.2027381885722,179659414.998663,133,132,130593.49106,1094.8976519697,807.4184645,144526.49006
2019-05-01,50,0,1998.36824169,216.9408690136326,179659414.998663,84,84,89903.05753,1075.33401821429,1199.9899995,90328.05753
2019-05-02,24,0,3719.64350937,216.85036905271306,179659414.998663,32,32,48300.170311,1526.47276596875,475.6499995,48847.128511
2019-05-03,15,0,6038.82681251,216.8337548476294,179659414.998663,16,16,29750.714928,1859.419683,180.7514995,29750.714928
2019-05-04,33,0,4232.51772661,216.89317822467873,179659414.998663,52,52,42447.409935,865.046271826923,449.6804225,44982.406135
2019-05-05,26,0,15634.22262007,216.86009957697755,179659414.998663,31,31,11491.419776,386.590511483871,100,11984.305856
2019-05-06,36,0,3182.82255471,216.70095351080235,179659414.998663,47,47,56446.569644,1265.71424774468,599.999999,59488.569644
2019-05-07,38,0,3805.38823224,216.5732273670315,179659414.998663,63,63,47211.849103,824.419827031746,502.93308,51938.449103
2019-05-08,38,0,2084.19495346,216.33858998734053,179659414.998663,59,59,86200.868446,1594.18539738983,715.652198,94056.938446
2019-05-09,25,0,16600.32156893,216.32231642811857,179659414.998663,32,32,10822.646673,394.04411165625,279.5,12609.411573
2019-05-10,20,0,10177.29083595,216.29877064653198,179659414.998663,22,22,17652.97051,1004.346655,899.9999995,22095.62641
2019-05-11,33,0,10630.45486576,216.2774534331758,179659414.998663,46,45,16900.444738,511.234549733333,300,23005.554738
2019-05-12,48,0,2972.97962579,216.11567220659686,179659414.998663,86,86,60430.758906,949.426993093023,52.49134,81650.721406
2019-05-13,63,0,678.59073679,215.36360954807955,179659414.998663,127,127,264753.709796,2154.50295094488,139.5,273621.87477
2019-05-14,127,0,1210.14451516,215.37637669784144,179659414.998663,229,229,148461.124063,727.550980187773,9.6,166609.174463
2019-05-15,44,0,1189.07852773,215.29756864403137,179659414.998663,72,72,151091.295326,2173.14014619444,501.7591495,156466.090526
2019-05-16,55,0,1202.09972535,215.73092576517857,179659414.998663,81,81,149454.667704,1846.77035437037,153.116874,149588.398704
2019-05-17,43,0,166.98084103,212.67861390193238,179659414.998663,95,95,1075928.315444,11638.4849867789,1111,1105656.073744
2019-05-18,49,0,2098.96669409,212.4530715394063,179659414.998663,90,90,85594.219053,1015.65539947778,284.302606,91408.985953
2019-05-19,65,0,1610.65506685,1150.104994579003,179659414.998663,142,142,111544.314296,804.943231661972,299.4999995,114301.938896
2019-05-20,34,0,3724.37368731,1148.45555287005,179659414.998663,51,51,48238.826198,1383.9551607451,500,70581.713198
2019-05-21,41,0,6930.73132085,1153.2309532284141,179659414.998663,46,46,25922.143953,564.709651152174,320.6554995,25976.643953
2019-05-22,18,0,17664.24362363,1152.7018538635682,179659414.998663,31,31,10170.795808,421.594893806452,139.998,13069.441708
2019-05-23,20,0,11128.82574865,1151.6871769769434,179659414.998663,24,24,16143.609313,672.650388041667,47,16143.609313
2019-05-24,1716,0,12040.04791299,1154.8504300235572,179659414.998663,1717,1717,14921.818941,8.69063421141526,0.009999,14921.818941
2019-05-25,3038,0,35893.20149231,1154.4786145928042,179659414.998663,3044,3044,5005.388417,1.6443457348883,0.009999,5005.388417
2019-05-26,32,0,5601.72723464,1151.8451046314003,179659414.998663,91,91,32072.146228,352.441167340659,5.4029,32072.146228
2019-05-27,69,0,2868.25104972,1147.2570729320666,179659414.998663,102,102,62637.26985,615.139900490196,213.1588395,62744.26985
2019-05-28,54,0,3094.97622687,1142.8954548724491,179659414.998663,76,76,58048.722132,763.798975421053,360,58048.722132
2019-05-29,33,0,9441.75913642,1146.1907920688245,179659414.998663,43,43,19028.171806,442.515623395349,178.7,19028.171806
2019-05-30,29,0,4455.61190483,1145.0382068875087,179659414.998663,35,35,40322.052018,1152.05862908571,784.549999,40322.052018
2019-05-31,29,0,9356.94350915,1143.4934386928649,179659414.998663,33,33,19200.651882,581.837935818182,595.8932,19200.651882
2019-06-01,60,0,27046.98715819,1143.0917044962941,179659414.998663,70,70,6642.492709,94.89275299,0.5,6642.492709
2019-06-02,23,0,4742.39809537,1144.4663172219225,179659414.998663,42,42,37883.663789,901.99199498,666.2494995,37883.663789
2019-06-03,32,0,2050.13978147,1143.168064206542,179659414.998663,60,60,87632.763689,1470.70439482,1104.254048,88242.263689
2019-06-04,42,0,908.51085903,1129.8205896371805,179659414.998663,80,80,197751.532865,2471.89416081,584.9989995,197751.532865
2019-06-05,16,0,7147.7991312,1128.0965524476153,179659414.998663,30,30,25134.927787,837.83092623,683.2495,25134.927787
2019-06-06,27,0,9651.21638833,1126.7286131409198,179659414.998663,33,33,18615.2095,564.09725758,499.000087,18615.2095
2019-06-07,35,0,16267.17861135,1126.053892364464,179659414.998663,79,79,11044.288582,139.80112129,20.41,11044.288582
2019-06-08,35,0,3012.12325585,1121.4571980719484,179659414.998663,75,75,59645.439359,797.05252479,1001.499999,59778.939359
2019-06-09,28,0,9122.2877761,1126.2506660301328,179659414.998663,46,46,19694.556827,436.81971363,137,20093.706827
2019-06-10,23,0,6293.14046931,1124.070251507031,179659414.998663,37,37,28548.451425,771.57976824,886.998999,28548.451425
2019-06-11,60,0,6895.39826343,1123.621000810662,179659414.998663,107,107,26054.972916,243.50441978,34.5,26054.972916
2019-06-12,43,0,6106.61523399,1122.3050594909525,179659414.998663,65,65,29420.45767,452.62242569,51.5,29420.45767
2019-06-13,37,0,1200.63168251,1111.9300953251645,179659414.998663,92,92,149637.40972,1627.03513609,51.4999995,149687.23252
2019-06-14,75,0,539.16306321,1094.3459184235276,179659414.998663,181,181,333219.070922,1840.98934211,747.819489,333219.070922
2019-06-15,71,0,1477.35405577,1086.0278087573854,179659414.998663,157,157,121608.909047,797.49623597,774.555472,125206.909047
2019-06-16,53,0,1164.35270392,1075.4995146976773,179659414.998663,99,99,154299.822033,1558.58406094,776.5,154299.822033
2019-06-17,64,0,2595.64999099,1072.471315202972,179659414.998663,94,94,69215.578226,736.33593857,50,69215.578226
2019-06-18,67,0,2846.32702991,1074.20059425481,179659414.998663,100,100,63119.737511,631.19737511,92.65,63119.737511
2019-06-19,96,0,1756.52842965,1070.1289113384769,179659414.998663,153,153,102280.960539,668.50301006,96.599999,102280.960539
2019-06-20,85,0,2040.83040239,1065.2652487105381,179659414.998663,139,139,88032.506174,633.40436096,35.999999,88043.206174
2019-06-21,48,0,7550.5394254,1064.9085754592033,179659414.998663,68,68,23794.248977,372.44580701,52.5,25326.314877
2019-06-22,66,0,1492.43990369,1057.9571864415213,179659414.998663,105,105,120379.664571,1146.47299591,756.0563,120379.664571
2019-06-23,52,0,4828.34043438,1056.6112535766154,179659414.998663,72,72,37209.351213,516.79654462,49.4999995,37209.351213
2019-06-24,51,0,3999.13021272,1056.3930845085042,179659414.998663,81,81,44924.622466,554.62496872,100,44924.622466
2019-06-25,55,0,2527.22060657,1054.4889032767821,179659414.998663,76,76,71089.723838,935.39110313,84.202539,71089.723838
2019-06-26,59,0,1797.57189831,1048.7359306632486,179659414.998663,99,99,99945.607276,1009.55158865,59.999999,99945.607276
2019-06-27,39,0,3094.38138849,1050.7017667087307,179659414.998663,51,51,58059.88094,1138.42903804,102.7545,58059.88094
2019-06-28,40,0,2705.00022278,1052.4305650438137,179659414.998663,43,43,66417.52318,1544.59356233,24,66417.52318
2019-06-29,43,0,4416.6956987,1063.671406716807,179659414.998663,47,47,40677.336012,865.4752343,100.5,40677.336012
2019-06-30,47,0,54440.79471985,1075.9946487389127,179659414.998663,36,36,3300.08803,91.66911194,1,3300.08803
2019-07-01,43,0,10646.25094524,1110.6656053552497,179659414.998663,55,55,16875.369172,308.64762131,54,16975.619172
2019-07-02,39,0,8203.31895407,1851.9537486744475,179659414.998663,40,40,21900.820388,547.5205097,79.090299,21900.820388
2019-07-03,27,0,2469.4417014,1986.343817534511,179659414.998663,35,35,72753.049767,2078.65856477,380.0467,72753.049767
2019-07-04,35,0,5103.98079568,2073.4047928223886,179659414.998663,31,31,35199.861087,1135.4793899,50.499999,35199.861087
2019-07-05,34,0,10943.10165832,2110.0535443944436,179659414.998663,43,43,16417.595359,381.80454323,91.999999,16417.595359
2019-07-06,29,0,2245.90240458,2091.62602088935,179659414.998663,71,71,79994.310809,1126.68043393,1192.8586,79994.310809
2019-07-07,22,0,8559.36217798,2097.118751456213,179659414.998663,29,29,20989.813407,723.78666921,300,20989.813407
2019-07-08,33,0,2115.94912865,2116.8113140214523,179599711.998663,51,50,84879.031148,1697.58062296,52.0669995,84879.031148
2019-07-09,29,0,4862.25793989,2109.6676893946665,179599711.998663,43,43,36937.512205,859.01191174,139,36937.512205
2019-07-10,32,0,137.22856669,1804.0158233980208,179224346,62,59,1306027.9671950003,22136.06724059,452.9166,1306027.967195
2019-07-11,28,0,11596.59655813,1805.0051513170697,179224346,47,47,15454.909127999998,328.82785379,41.999999,15454.909128
2019-07-12,21,0,19368.5418374,1810.6766707766653,179224346,28,28,9253.373201999999,330.47761436,16.917054,9253.373202
2019-07-13,19,0,10782.12466536,1813.280545746073,179224346,21,21,16622.35891,791.54090048,100,16622.35891
2019-07-14,25,0,1930.98034108,1798.0416619447944,179224346,44,44,92815.210071,2109.43659252,1390.5,92815.210071
2019-07-15,41,0,1556.78406122,1775.7780967289043,179162051,65,64,115084.715641,1798.19868189,52.2,115084.715641
2019-07-16,29,0,2355.71382395,1763.2957461980552,179162051,56,56,76054.25123300002,1358.11162916,304.1882,76054.251233
2019-07-17,37,0,5518.48692461,1772.202405666133,179162051,70,70,32465.792426,463.79703466,186.8547095,32465.792426
2019-07-18,39,0,5839.36275945,1826.8166376770705,179162051,83,83,30681.781280000007,369.66001542,45.1,30681.78128
2019-07-19,22,0,19086.35906225,1876.8783510110552,179162051,32,32,9386.916091,293.34112784,23.9332165,9386.916091
2019-07-20,19,0,20027.55143821,1887.4050851747375,179162051,21,21,8945.779095999998,483.10852838,362.7,10145.279096
2019-07-21,24,0,5156.47396035,1961.8166061962215,179162051,47,47,34745.070445000005,739.25681798,44.999999,34745.070445
2019-07-22,30,0,1795.64530431,2000.829669182428,179079790,45,44,99730.046669,2266.59196975,50.5140445,99730.046669
2019-07-23,35,0,4108.31612473,2000.9097242350074,179079790,67,67,43589.583801,650.590803,792.1,43589.583801
2019-07-24,22,0,1218.38570129,1982.1461358048605,179079790,71,71,146981.19799899997,2070.1577183,1384.417099,146981.197999
2019-07-25,19,0,1557.42416343,1977.4811096213252,179079790,77,77,114984.59713500002,1493.3064563,1252.7467,114984.597135
2019-07-26,11,0,9952.68477494,2022.776732883515,179079790,11,11,17993.113823,1946.23762027,1510.706912,21408.613823
2019-07-27,19,0,5423.8078114,2023.840521528663,179079790,39,39,33017.355376,859.45632759,798.099999,33518.796776
2019-07-28,7,0,24937.30715266,2071.9007308226433,179079790,11,11,7181.199994999999,652.83636318,794.1,7181.199995
2019-07-29,41,0,1099.26712859,2062.2912591034137,178987774,72,71,162824.639566,2551.97835023,678.499999,181190.462866
2019-07-30,40,0,688.06474139,2018.3062165583456,178987774,104,104,260132.16959699997,2922.17011536,1199,303905.691997
2019-07-31,24,0,2986.79838548,2015.3705196187636,178987774,56,55,59926.299301,1292.18326002,499.5,71070.079301
2019-08-01,29,0,6642.48611379,2016.0779771721395,178987774,48,48,26945.901117999994,707.55819412,431.0174,33962.793318
2019-08-02,34,0,1368.78486344,1994.0376990275895,178987774,93,93,130763.99278000002,1459.03993978,916.37,135690.7144
2019-08-03,21,0,9662.99751744,1992.3035900137595,178987774,29,29,18523.007346000002,639.13818434,98.999999,18535.007346
2019-08-04,25,0,3749.88010589,1994.453297825114,178987774,31,31,47731.59913,1590.86080403,100,49316.684925
2019-08-05,46,0,728.79745244,1945.6793370919627,178896703,58,57,245468.342956,4348.6790904,99.999999,247874.708153
2019-08-06,32,0,13046.73560917,1962.873862584991,178896703,37,37,13711.989601,374.03494011,78.68879,13839.292784
2019-08-07,19,0,18488.30841871,1963.148242156099,178896703,22,22,9676.207198,443.23669082,23.3999025,9751.207198
2019-08-08,12,0,39966.96676691,1966.3074011018064,178896703,12,12,4476.114087999999,497.96784067,84.096564,5975.614088
2019-08-09,24,0,36290.02682021,1969.1862360807463,178896703,26,26,4929.6382140000005,251.50531592,121.8989995,6539.138214
2019-08-10,15,0,7528.62999885,1978.0572819076322,178896703,16,16,23762.185554,1505.84913481,683.0400970000001,24093.586157
2019-08-11,13,0,14825.32914749,2041.431301082897,178896703,18,18,12066.963317999996,670.386851,47.9999995,12066.963318
2019-08-12,19,0,914.71211371,2028.4727278424523,178821170,19,18,195494.481072,10860.804504,150.1858755,195494.481072
2019-08-13,24,0,116.42990457,1727.0399844305537,178821170,39,39,1535869.763479,39453.83188408,449.5,1538699.443479
2019-08-14,29,0,11154.01654124,1752.126247553347,178821170,49,49,16031.997921000004,423.24022431,499.5,20738.770991
2019-08-15,16,0,5932.52867678,1977.2423788097074,178821170,35,35,30142.487250000002,1186.87106429,693.2,41540.48725
2019-08-16,29,0,5828.79313876,1990.6728606224515,178821170,45,45,30678.935715,723.80968256,215,32571.435715
2019-08-17,19,0,10866.23075226,2014.3648215984338,178821170,27,27,16456.596042999998,699.94800159,558.147149,18898.596043
2019-08-18,9,0,37829.89776799,2025.3952909827387,178821170,14,14,4726.979996,337.64142829,124.94999999999999,4726.979996
2019-08-19,23,0,1837.52641858,2006.522352218584,178745681,34,33,97275.16251900002,3034.67077633,699.5,100144.135619
2019-08-20,24,0,22826.68266502,2007.1082158859922,178745681,35,35,7830.558808,224.8211088,57,7868.738808
2019-08-21,16,0,32795.19797788,2009.7895624163616,178745681,24,24,5450.361395000001,254.16089146,121.64999999999999,6099.861395